,Title,url,IMDB Score,Metacritic,Runtime (mins),Budget,Opening Weekend,Gross USA,Gross World,Release Date,Rating,Genres,Country
0,Spider-Man (2002),http://www.imdb.com/title/tt0145487/,7.3,73.0,121,139000000.0,114844116.0,407022860.0,825025036.0,2002-05-03,PG-13,Action Adventure Sci-Fi,USA
2,The Matrix (1999),http://www.imdb.com/title/tt0133093/,8.7,73.0,136,63000000.0,27788331.0,171479930.0,465343787.0,1999-03-31,R,Action Sci-Fi,USA
4,The Lord of the Rings: The Fellowship of the Ring (2001),http://www.imdb.com/title/tt0120737/,8.8,92.0,178,93000000.0,47211490.0,315544750.0,887832826.0,2001-12-19,PG-13,Action Adventure Drama,New Zealand
6,The Lord of the Rings: The Return of the King (2003),http://www.imdb.com/title/tt0167260/,8.9,94.0,201,94000000.0,72629713.0,377845905.0,1142219401.0,2003-12-17,PG-13,Adventure Drama Fantasy,New Zealand
8,The Hobbit: The Desolation of Smaug (2013),http://www.imdb.com/title/tt1170358/,7.8,66.0,161,225000000.0,73645197.0,258366855.0,958366855.0,2013-12-13,PG-13,Adventure Fantasy,New Zealand
10,Back to the Future (1985),http://www.imdb.com/title/tt0088763/,8.5,87.0,116,19000000.0,11152500.0,211159762.0,391341971.0,1985-07-03,PG,Adventure Comedy Sci-Fi,USA
12,Lethal Weapon (1987),http://www.imdb.com/title/tt0093409/,7.6,68.0,109,15000000.0,6829949.0,65207127.0,120207127.0,1987-03-06,R,Action Crime Thriller,USA
14,Lethal Weapon 3 (1992),http://www.imdb.com/title/tt0104714/,6.7,40.0,118,35000000.0,33243086.0,144731527.0,321731527.0,1992-05-15,R,Action Crime Thriller,USA
16,Die Hard (1988),http://www.imdb.com/title/tt0095016/,8.2,72.0,132,28000000.0,601851.0,83519093.0,141482154.0,1988-07-20,R,Action Thriller,USA
18,Die Hard with a Vengeance (1995),http://www.imdb.com/title/tt0112864/,7.6,58.0,128,90000000.0,22162245.0,100012499.0,366236538.0,1995-05-19,R,Action Adventure Thriller,USA
20,Mad Max (1979),http://www.imdb.com/title/tt0079501/,6.9,73.0,88,300000.0,,8750000.0,8771757.0,1980-03-21,R,Action Adventure Sci-Fi,Australia
22,Mad Max Beyond Thunderdome (1985),http://www.imdb.com/title/tt0089530/,6.3,71.0,107,10000000.0,7283714.0,36230219.0,36230219.0,1985-07-10,PG-13,Action Adventure Sci-Fi,Australia
24,Rocky (1976),http://www.imdb.com/title/tt0075148/,8.1,70.0,120,960000.0,,117235147.0,117235147.0,1976-12-03,PG,Drama Sport,USA
26,Rocky III (1982),http://www.imdb.com/title/tt0084602/,6.8,57.0,99,17000000.0,12431486.0,125049125.0,125049125.0,1982-05-28,PG,Drama Sport,USA
28,Rocky V (1990),http://www.imdb.com/title/tt0100507/,5.3,55.0,104,42000000.0,14073170.0,40946358.0,119946358.0,1990-11-16,PG-13,Drama Sport,USA
30,First Blood (1982),http://www.imdb.com/title/tt0083944/,7.7,61.0,93,15000000.0,6642005.0,47212904.0,125212904.0,1982-10-22,R,Action Adventure,USA
32,Rambo III (1988),http://www.imdb.com/title/tt0095956/,5.8,36.0,102,63000000.0,13034238.0,53715611.0,189015611.0,1988-05-25,R,Action Adventure,USA
34,The Terminator (1984),http://www.imdb.com/title/tt0088247/,8.0,84.0,107,6400000.0,4020663.0,38371200.0,78475971.0,1984-10-26,R,Action Sci-Fi,UK
36,Terminator 3: Rise of the Machines (2003),http://www.imdb.com/title/tt0181852/,6.3,66.0,109,200000000.0,44041440.0,150371112.0,433371112.0,2003-07-02,R,Action Sci-Fi,USA
38,Terminator Genisys (2015),https://www.imdb.com/title/tt6450804/,6.4,38.0,126,155000000.0,27018486.0,89760956.0,440603537.0,2015-07-01,PG-13,Action Adventure Sci-Fi,USA
40,RoboCop (1987),http://www.imdb.com/title/tt0093870/,7.5,67.0,102,13000000.0,8008721.0,53424681.0,53424681.0,1987-07-17,R,Action Crime Sci-Fi,USA
42,X-Men (2000),http://www.imdb.com/title/tt0120903/,7.4,64.0,104,75000000.0,54471475.0,157299718.0,296339528.0,2000-07-14,PG-13,Action Adventure Sci-Fi,USA
44,X-Men: The Last Stand (2006),http://www.imdb.com/title/tt0376994/,6.7,58.0,104,210000000.0,102750665.0,234362462.0,460435291.0,2006-05-26,PG-13,Action Adventure Sci-Fi,Canada
46,X-Men: Days of Future Past (2014),http://www.imdb.com/title/tt1877832/,8.0,75.0,132,200000000.0,90823660.0,233921534.0,746045700.0,2014-05-23,PG-13,Action Adventure Sci-Fi,USA
48,X-Men Origins: Wolverine (2009),http://www.imdb.com/title/tt0458525/,6.6,40.0,107,150000000.0,85058003.0,179883157.0,373062864.0,2009-05-01,PG-13,Action Adventure Sci-Fi,USA
50,The Fast and the Furious (2001),http://www.imdb.com/title/tt0232500/,6.8,58.0,106,38000000.0,40089015.0,144533925.0,214463726.0,2001-06-22,PG-13,Action Crime Thriller,USA
52,The Fast and the Furious: Tokyo Drift (2006),http://www.imdb.com/title/tt0463985/,6.0,45.0,104,85000000.0,23973840.0,62514415.0,158964610.0,2006-06-16,PG-13,Action Crime Thriller,USA
54,Fast Five (2011),http://www.imdb.com/title/tt1596343/,7.3,66.0,130,125000000.0,86198765.0,209837675.0,626137675.0,2011-04-29,PG-13,Action Adventure Crime,USA
56,Furious 7 (2015),http://www.imdb.com/title/tt2820852/,7.1,67.0,137,190000000.0,147187040.0,353007020.0,1515047671.0,2015-04-03,PG-13,Action Adventure Thriller,USA
58,xXx (2002),http://www.imdb.com/title/tt0295701/,5.9,48.0,124,70000000.0,44506103.0,142109382.0,277448382.0,2002-08-09,PG-13,Action Adventure Thriller,USA
60,Pitch Black (2000),http://www.imdb.com/title/tt0134847/,7.1,49.0,109,23000000.0,11577688.0,39240659.0,53187659.0,2000-02-18,R,Action Horror Sci-Fi,USA
62,The Transporter (2002),http://www.imdb.com/title/tt0293662/,6.8,51.0,92,21000000.0,9107816.0,25296447.0,43928932.0,2002-10-11,PG-13,Action Crime Thriller,France
64,Transporter 3 (2008),http://www.imdb.com/title/tt1129442/,6.1,51.0,104,30000000.0,12063452.0,31715062.0,108979549.0,2008-11-26,PG-13,Action Thriller,France
66,Crank (2006),http://www.imdb.com/title/tt0479884/,6.9,57.0,88,12000000.0,10457367.0,27838408.0,42931041.0,2006-09-01,R,Action Crime Thriller,USA
68,Alien (1979),http://www.imdb.com/title/tt0078748/,8.4,89.0,117,11000000.0,3527881.0,81765459.0,108283202.0,1979-06-22,R,Horror Sci-Fi,UK
70,Alien 3 (1992),http://www.imdb.com/title/tt0103644/,6.5,59.0,114,50000000.0,19449867.0,55473545.0,159814498.0,1992-05-22,R,Action Horror Sci-Fi,USA
72,Alien vs. Predator (2004),http://www.imdb.com/title/tt0370263/,5.6,29.0,101,60000000.0,38291056.0,80282231.0,177427090.0,2004-08-13,PG-13,Action Adventure Horror,USA
74,Predator (1987),http://www.imdb.com/title/tt0093773/,7.8,45.0,107,15000000.0,12031638.0,59735548.0,98399956.0,1987-06-12,R,Action Adventure Sci-Fi,USA
76,Predators (2010),http://www.imdb.com/title/tt1424381/,6.4,51.0,107,40000000.0,24760882.0,52000688.0,127233108.0,2010-07-09,R,Action Adventure Sci-Fi,USA
78,The Evil Dead (1981),http://www.imdb.com/title/tt0083907/,7.5,71.0,85,350000.0,,2400000.0,2893091.0,1983-04-15,R,Horror,USA
80,Saw (2004),http://www.imdb.com/title/tt0387564/,7.6,46.0,103,1200000.0,18276468.0,56000369.0,103911669.0,2004-10-29,R,Horror Mystery,USA
82,Saw III (2006),http://www.imdb.com/title/tt0489270/,6.2,48.0,108,10000000.0,33610391.0,80238724.0,164874275.0,2006-10-27,R,Horror Mystery Thriller,USA
84,Saw V (2008),http://www.imdb.com/title/tt1132626/,5.8,20.0,92,10800000.0,30053954.0,56746769.0,113864059.0,2008-10-24,R,Horror Mystery,USA
86,Species (1995),http://www.imdb.com/title/tt0114508/,5.8,49.0,108,35000000.0,17161943.0,60074103.0,113374103.0,1995-07-07,R,Action Horror Sci-Fi,USA
88,Scream (1996),http://www.imdb.com/title/tt0117571/,7.2,65.0,111,14000000.0,6354586.0,103046663.0,173046663.0,1996-12-20,R,Horror Mystery,USA
90,Scream 3 (2000),http://www.imdb.com/title/tt0134084/,5.6,56.0,116,40000000.0,34713342.0,89143175.0,161834276.0,2000-02-04,R,Horror Mystery,USA
92,Final Destination (2000),http://www.imdb.com/title/tt0195714/,6.7,36.0,98,23000000.0,10015822.0,53331147.0,112880294.0,2000-03-17,R,Horror Thriller,USA
94,Final Destination 3 (2006),http://www.imdb.com/title/tt0414982/,5.8,41.0,93,25000000.0,20125000.0,54098051.0,118890272.0,2006-02-10,R,Fantasy Horror Thriller,USA
96,Underworld (2003),http://www.imdb.com/title/tt0320691/,7.0,42.0,121,22000000.0,21753759.0,51970690.0,95708457.0,2003-09-19,R,Action Fantasy Thriller,USA
98,Underworld: Rise of the Lycans (2009),http://www.imdb.com/title/tt0834001/,6.6,44.0,92,35000000.0,20828511.0,45802315.0,92158961.0,2009-01-23,R,Action Fantasy Thriller,USA
100,Transformers (2007),http://www.imdb.com/title/tt0418279/,7.0,61.0,144,150000000.0,70502384.0,319246193.0,709709780.0,2007-07-03,PG-13,Action Adventure Sci-Fi,USA
102,Transformers: Dark of the Moon (2011),http://www.imdb.com/title/tt1399103/,6.2,42.0,154,195000000.0,97852865.0,352390543.0,1123794079.0,2011-06-29,PG-13,Action Adventure Sci-Fi,USA
104,Transformers: The Last Knight (2017),https://www.imdb.com/title/tt3371366/,5.2,27.0,154,217000000.0,44680073.0,130168683.0,605425157.0,2017-06-21,PG-13,Action Adventure Sci-Fi,USA
106,American Pie (1999),http://www.imdb.com/title/tt0163651/,7.0,58.0,95,11000000.0,18709680.0,102561004.0,235483004.0,1999-07-09,R,Comedy,USA
108,American Wedding (2003),http://www.imdb.com/title/tt0328828/,6.3,43.0,96,55000000.0,33369440.0,104565114.0,232722935.0,2003-08-01,R,Comedy,USA
110,Fantastic Four (2005),http://www.imdb.com/title/tt0120667/,5.7,40.0,106,100000000.0,56061504.0,154696080.0,333535934.0,2005-07-08,PG-13,Action Adventure Family,USA
112,Hulk (2003),http://www.imdb.com/title/tt0286716/,5.6,54.0,138,137000000.0,62128420.0,132177234.0,245285165.0,2003-06-20,PG-13,Action Sci-Fi,USA
114,Superman (1978),http://www.imdb.com/title/tt0078346/,7.3,80.0,143,55000000.0,7465343.0,134451603.0,300451603.0,1978-12-15,PG,Action Adventure Drama,USA
116,Superman III (1983),http://www.imdb.com/title/tt0086393/,5.0,44.0,125,39000000.0,13352357.0,59950623.0,59950623.0,1983-06-17,PG,Action Adventure Comedy,UK
118,Urban Legend (1998),https://www.imdb.com/title/tt0146336/,5.6,35.0,99,14000000.0,10515444.0,38072438.0,72527595.0,1998-09-25,R,Horror Mystery Thriller,USA
120,The Punisher (2004),http://www.imdb.com/title/tt0330793/,6.4,33.0,124,33000000.0,14000000.0,33810189.0,54700105.0,2004-04-16,R,Action Crime Drama,USA
122,Batman (1989),http://www.imdb.com/title/tt0096895/,7.5,69.0,126,35000000.0,40489746.0,251348343.0,411556825.0,1989-06-23,PG-13,Action Adventure,USA
124,Batman Forever (1995),http://www.imdb.com/title/tt0112462/,5.4,51.0,121,100000000.0,52784433.0,184069126.0,336567531.0,1995-06-16,PG-13,Action Adventure,USA
126,Batman Begins (2005),http://www.imdb.com/title/tt0372784/,8.2,70.0,140,150000000.0,48745440.0,206852432.0,373465751.0,2005-06-15,PG-13,Action Adventure,USA
128,Hellboy (2004),http://www.imdb.com/title/tt0167190/,6.8,72.0,122,66000000.0,23172440.0,59623958.0,99378985.0,2004-04-02,PG-13,Action Fantasy Horror,USA
130,Blade (1998),http://www.imdb.com/title/tt0120611/,7.1,45.0,120,45000000.0,17073856.0,70087718.0,131183530.0,1998-08-21,R,Action Horror Sci-Fi,USA
132,Daredevil (2003),http://www.imdb.com/title/tt0287978/,5.3,42.0,103,78000000.0,40310419.0,102543518.0,179179718.0,2003-02-14,PG-13,Action Crime,USA
134,The Crow (1994),http://www.imdb.com/title/tt0109506/,7.6,71.0,102,23000000.0,11774332.0,50693129.0,50693129.0,1994-05-13,R,Action Drama Fantasy,USA
136,Men in Black (1997),http://www.imdb.com/title/tt0119654/,7.3,71.0,98,90000000.0,51068455.0,250690539.0,589390539.0,1997-07-02,PG-13,Action Adventure Comedy,USA
138,Men in Black 3 (2012),http://www.imdb.com/title/tt1409024/,6.8,58.0,106,225000000.0,54592779.0,179020854.0,624026776.0,2012-05-25,PG-13,Action Adventure Comedy,USA
140,Resident Evil (2002),http://www.imdb.com/title/tt0120804/,6.7,33.0,100,33000000.0,17707106.0,40119709.0,102984862.0,2002-03-15,R,Action Horror Sci-Fi,UK
142,Resident Evil: Extinction (2007),http://www.imdb.com/title/tt0432021/,6.3,41.0,94,45000000.0,23678580.0,50648679.0,147717833.0,2007-09-21,R,Action Horror Sci-Fi,France
144,Resident Evil: Retribution (2012),http://www.imdb.com/title/tt1855325/,5.4,39.0,95,65000000.0,21052227.0,42345531.0,240159255.0,2012-09-14,R,Action Horror Sci-Fi,Germany
146,Spy Kids (2001),http://www.imdb.com/title/tt0227538/,5.5,71.0,88,35000000.0,26546881.0,112719001.0,147934180.0,2001-03-30,PG,Action Adventure Comedy,USA
148,Spy Kids 3-D: Game Over (2003),http://www.imdb.com/title/tt0338459/,4.3,57.0,84,38000000.0,32500000.0,111761982.0,197101678.0,2003-07-25,PG,Action Adventure Comedy,USA
150,I Know What You Did Last Summer (1997),http://www.imdb.com/title/tt0119345/,5.7,52.0,101,17000000.0,15818645.0,72586134.0,125586134.0,1997-10-17,R,Horror Mystery,USA
152,Garfield (2004),http://www.imdb.com/title/tt0356634/,5.0,27.0,80,50000000.0,21727611.0,75369589.0,203172417.0,2004-06-11,PG,Animation Comedy Family,USA
154,Iron Man (2008),http://www.imdb.com/title/tt0371746/,7.9,79.0,126,140000000.0,98618668.0,318604126.0,585366247.0,2008-05-02,PG-13,Action Adventure Sci-Fi,USA
156,Shrek (2001),http://www.imdb.com/title/tt0126029/,7.8,84.0,90,60000000.0,42347760.0,267665011.0,487853320.0,2001-05-18,PG,Animation Adventure Comedy,USA
158,Shrek the Third (2007),http://www.imdb.com/title/tt0413267/,6.1,58.0,93,160000000.0,121629270.0,322719944.0,813367380.0,2007-05-18,PG,Animation Adventure Comedy,USA
160,Jurassic Park (1993),http://www.imdb.com/title/tt0107290/,8.1,68.0,127,63000000.0,47026828.0,402828120.0,1032020521.0,1993-06-11,PG-13,Action Adventure Sci-Fi,USA
162,Jurassic Park III (2001),http://www.imdb.com/title/tt0163025/,5.9,42.0,92,93000000.0,50771645.0,181171875.0,368780809.0,2001-07-18,PG-13,Action Adventure Sci-Fi,USA
164,Raiders of the Lost Ark (1981),http://www.imdb.com/title/tt0082971/,8.4,85.0,115,18000000.0,8305823.0,248159971.0,390133212.0,1981-06-12,PG,Action Adventure,USA
166,Indiana Jones and the Last Crusade (1989),http://www.imdb.com/title/tt0097576/,8.2,65.0,127,48000000.0,29355021.0,197171806.0,474310887.0,1989-05-24,PG-13,Action Adventure,USA
168,Star Wars: Episode I - The Phantom Menace (1999),http://www.imdb.com/title/tt0120915/,6.5,51.0,136,115000000.0,64820970.0,474544677.0,1027082707.0,1999-05-19,PG,Action Adventure Fantasy,USA
170,Star Wars: Episode IV - A New Hope (1977),http://www.imdb.com/title/tt0076759/,8.6,90.0,121,11000000.0,1554475.0,460998507.0,775512064.0,1977-05-25,PG,Action Adventure Fantasy,USA
172,Star Wars: Episode VI - Return of the Jedi (1983),http://www.imdb.com/title/tt0086190/,8.3,58.0,131,32500000.0,23019618.0,309306177.0,475347111.0,1983-05-25,PG,Action Adventure Fantasy,USA
174,Star Wars: Episode VIII - The Last Jedi (2017),https://www.imdb.com/title/tt2527338/,7.0,84.0,152,317000000.0,220009584.0,620181382.0,1332539889.0,2017-12-15,PG-13,Action Adventure Fantasy,USA
176,Austin Powers: The Spy Who Shagged Me (1999),http://www.imdb.com/title/tt0145660/,6.6,59.0,95,33000000.0,17981900.0,206040086.0,312016928.0,1999-06-11,PG-13,Action Adventure Comedy,USA
178,Twilight (2008),http://www.imdb.com/title/tt1099212/,5.2,56.0,122,37000000.0,69637740.0,193962473.0,408424673.0,2008-11-21,PG-13,Drama Fantasy Romance,USA
180,The Twilight Saga: Breaking Dawn - Part 1 (2011),http://www.imdb.com/title/tt1324999/,4.9,45.0,117,110000000.0,138122261.0,281287133.0,712205856.0,2011-11-18,PG-13,Adventure Drama Fantasy,USA
182,Kill Bill: Vol. 1 (2003),http://www.imdb.com/title/tt0266697/,8.1,69.0,111,30000000.0,22200000.0,70099045.0,180899045.0,2003-10-10,R,Action Crime Thriller,USA
184,The Mask of Zorro (1998),http://www.imdb.com/title/tt0120746/,6.7,63.0,136,95000000.0,22525855.0,94095523.0,250288523.0,1998-07-17,PG-13,Action Adventure Comedy,USA
186,Ghostbusters (1984),http://www.imdb.com/title/tt0087332/,7.8,71.0,105,30000000.0,13578151.0,242582079.0,295743767.0,1984-06-08,PG,Action Comedy Fantasy,USA
188,The Santa Clause (1994),http://www.imdb.com/title/tt0111070/,6.5,57.0,97,22000000.0,19321992.0,144833357.0,189833357.0,1994-11-11,PG,Comedy Drama Family,USA
190,Doctor Dolittle (1998),http://www.imdb.com/title/tt0118998/,5.4,46.0,85,71500000.0,29014324.0,144156605.0,294456605.0,1998-06-26,PG-13,Comedy Family Fantasy,USA
192,The Nutty Professor (1996),http://www.imdb.com/title/tt0117218/,5.6,62.0,95,54000000.0,25411725.0,128814019.0,273961019.0,1996-06-28,PG-13,Comedy Romance Sci-Fi,USA
194,Beverly Hills Cop (1984),http://www.imdb.com/title/tt0086960/,7.3,66.0,105,14000000.0,15214805.0,234760478.0,316360478.0,1984-12-05,R,Action Comedy Crime,USA
196,48 Hrs. (1982),http://www.imdb.com/title/tt0083511/,6.9,71.0,96,12000000.0,4369868.0,78868508.0,78868508.0,1982-12-08,R,Action Comedy Crime,USA
198,Father of the Bride (1991),http://www.imdb.com/title/tt0101862/,6.5,51.0,105,20000000.0,7031146.0,89325780.0,89325780.0,1991-12-20,PG,Comedy Family Romance,USA
200,Speed (1994),http://www.imdb.com/title/tt0111257/,7.2,78.0,116,30000000.0,14456194.0,121248145.0,350448145.0,1994-06-10,R,Action Adventure Thriller,USA
202,Scary Movie (2000),http://www.imdb.com/title/tt0175142/,6.2,48.0,88,19000000.0,42346669.0,157019771.0,278019771.0,2000-07-07,R,Comedy,USA
204,Scary Movie 3 (2003),http://www.imdb.com/title/tt0306047/,5.5,49.0,84,48000000.0,49700000.0,110003217.0,220673217.0,2003-10-24,PG-13,Comedy Horror,USA
206,The Ring (2002),http://www.imdb.com/title/tt0298130/,7.1,57.0,115,48000000.0,15015393.0,129128133.0,249348933.0,2002-10-18,PG-13,Horror Mystery,USA
208,The Texas Chainsaw Massacre 2 (1986),http://www.imdb.com/title/tt0092076/,5.6,42.0,89,4700000.0,2822439.0,8025872.0,8025872.0,1986-08-22,R,Comedy Horror,USA
210,The Texas Chainsaw Massacre (2003),http://www.imdb.com/title/tt0324216/,6.2,38.0,98,9500000.0,29100000.0,80571655.0,107362708.0,2003-10-17,R,Horror,USA
212,Meet the Parents (2000),http://www.imdb.com/title/tt0212338/,7.0,73.0,108,55000000.0,28623300.0,166244045.0,330444045.0,2000-10-06,PG-13,Comedy Romance,USA
214,Shanghai Noon (2000),http://www.imdb.com/title/tt0184894/,6.6,77.0,110,55000000.0,15607034.0,56937502.0,99274467.0,2000-05-26,PG-13,Action Adventure Comedy,USA
216,Anaconda (1997),http://www.imdb.com/title/tt0118615/,4.8,37.0,89,45000000.0,16620887.0,65885767.0,136885767.0,1997-04-11,PG-13,Action Adventure Horror,USA
218,Walking Tall (1973),http://www.imdb.com/title/tt0070895/,7.0,60.0,125,500000.0,,,40000000.0,1973-02-22,R,Action Biography Crime,USA
220,Hostel (2005),http://www.imdb.com/title/tt0450278/,5.9,55.0,94,4800000.0,19556099.0,47326473.0,81979826.0,2006-01-06,R,Horror,USA
222,Charlie's Angels (2000),http://www.imdb.com/title/tt0160127/,5.5,52.0,98,93000000.0,40128550.0,125305545.0,264105545.0,2000-11-03,PG-13,Action Adventure Comedy,USA
224,Bad Boys (1995),http://www.imdb.com/title/tt0112442/,6.9,41.0,119,19000000.0,15523358.0,65807024.0,141407024.0,1995-04-07,R,Action Comedy Crime,USA
226,Big Momma's House (2000),http://www.imdb.com/title/tt0208003/,5.2,33.0,99,30000000.0,25661041.0,117559438.0,173959438.0,2000-06-02,PG-13,Action Comedy Crime,Germany
228,The Grudge (2004),http://www.imdb.com/title/tt0391198/,5.9,49.0,91,10000000.0,39128715.0,110359362.0,187281115.0,2004-10-22,PG-13,Horror Mystery Thriller,USA
230,National Lampoon's Van Wilder (2002),http://www.imdb.com/title/tt0283111/,6.4,26.0,92,5000000.0,7302913.0,21305259.0,38275483.0,2002-04-05,R,Comedy Romance,Germany
232,Harold & Kumar Go to White Castle (2004),http://www.imdb.com/title/tt0366551/,7.1,64.0,88,9000000.0,5200000.0,18250550.0,23936908.0,2004-07-30,R,Adventure Comedy,USA
234,Ice Age (2002),http://www.imdb.com/title/tt0268380/,7.5,60.0,81,59000000.0,46312454.0,176387405.0,383257136.0,2002-03-15,PG,Animation Adventure Comedy,USA
236,Ice Age: Dawn of the Dinosaurs (2009),http://www.imdb.com/title/tt1080016/,6.9,50.0,94,90000000.0,41690382.0,196573705.0,886686817.0,2009-07-01,PG,Animation Adventure Comedy,USA
238,Madagascar (2005),http://www.imdb.com/title/tt0351283/,6.9,57.0,86,75000000.0,47224594.0,193595521.0,542063846.0,2005-05-27,PG,Animation Adventure Comedy,USA
240,Kung Fu Panda (2008),http://www.imdb.com/title/tt0441773/,7.5,74.0,92,130000000.0,60239130.0,215434591.0,631746197.0,2008-06-06,PG,Animation Action Adventure,USA
242,The Lion King (1994),http://www.imdb.com/title/tt0110357/,8.5,88.0,88,45000000.0,1586753.0,422783777.0,968511805.0,1994-06-24,G,Animation Adventure Drama,USA
244,The Princess Diaries (2001),http://www.imdb.com/title/tt0247638/,6.3,52.0,111,26000000.0,22862269.0,108248956.0,165335153.0,2001-08-03,G,Comedy Family Romance,USA
246,Bridget Jones's Diary (2001),http://www.imdb.com/title/tt0243155/,6.7,66.0,97,25000000.0,10733933.0,71543427.0,281929795.0,2001-04-13,R,Comedy Drama Romance,UK
248,The Bourne Identity (2002),http://www.imdb.com/title/tt0258463/,7.9,68.0,119,60000000.0,27118640.0,121661683.0,214034224.0,2002-06-14,PG-13,Action Mystery Thriller,USA
250,The Bourne Ultimatum (2007),http://www.imdb.com/title/tt0440963/,8.0,85.0,115,110000000.0,69283690.0,227471070.0,444100035.0,2007-08-03,PG-13,Action Mystery Thriller,USA
252,Clash of the Titans (2010),http://www.imdb.com/title/tt0800320/,5.8,39.0,106,125000000.0,61235105.0,163214888.0,493214993.0,2010-04-02,PG-13,Action Adventure Fantasy,USA
254,Halloween (1978),http://www.imdb.com/title/tt0077651/,7.8,87.0,91,325000.0,,47000000.0,47000000.0,1978-10-27,R,Horror Thriller,USA
256,Halloween III: Season of the Witch (1982),http://www.imdb.com/title/tt0085636/,4.9,50.0,98,2500000.0,6333259.0,14400000.0,14400000.0,1982-10-22,R,Horror Mystery Sci-Fi,USA
258,Halloween 5: The Revenge of Michael Myers (1989),http://www.imdb.com/title/tt0097474/,5.2,28.0,96,5000000.0,5093428.0,11642254.0,11642254.0,1989-10-13,R,Horror Thriller,USA
260,Halloween H20: 20 Years Later (1998),http://www.imdb.com/title/tt0120694/,5.8,52.0,86,17000000.0,16187724.0,55041738.0,55041738.0,1998-08-05,R,Horror Thriller,USA
262,Halloween (2007),http://www.imdb.com/title/tt0373883/,6.1,47.0,109,15000000.0,26362367.0,58272029.0,80460948.0,2007-08-31,R,Horror,USA
264,Hot Shots! (1991),http://www.imdb.com/title/tt0102059/,6.8,61.0,84,26000000.0,10848182.0,69467617.0,181096164.0,1991-07-31,PG-13,Action Comedy,USA
266,The Naked Gun: From the Files of Police Squad! (1988),http://www.imdb.com/title/tt0095705/,7.6,76.0,85,12000000.0,9331746.0,78756177.0,78756177.0,1988-12-02,PG-13,Comedy Crime,USA
268,Night at the Museum (2006),http://www.imdb.com/title/tt0477347/,6.4,48.0,108,110000000.0,30433781.0,250863268.0,574480841.0,2006-12-22,PG,Adventure Comedy Family,USA
270,Hellraiser (1987),http://www.imdb.com/title/tt0093177/,7.0,57.0,94,1000000.0,4453232.0,14564027.0,14575193.0,1987-09-18,R,Horror Thriller,UK
272,Hellraiser III: Hell on Earth (1992),http://www.imdb.com/title/tt0104409/,5.5,50.0,97,5000000.0,3208009.0,12534961.0,12534961.0,1992-09-11,R,Horror,USA
274,Candyman (1992),http://www.imdb.com/title/tt0103919/,6.6,61.0,99,6000000.0,5404320.0,25792310.0,25792310.0,1992-10-16,R,Horror Thriller,USA
276,Jeepers Creepers (2001),http://www.imdb.com/title/tt0263488/,6.2,49.0,90,10000000.0,13106108.0,37904175.0,59371303.0,2001-08-31,R,Horror Mystery,USA
278,Boogeyman (2005),http://www.imdb.com/title/tt0357507/,4.2,32.0,89,20000000.0,19020655.0,46752382.0,67192859.0,2005-02-04,PG-13,Drama Horror Mystery,USA
280,The Omen (1976),http://www.imdb.com/title/tt0075005/,7.5,62.0,111,2800000.0,4273886.0,60922980.0,60922980.0,1976-06-25,R,Horror,UK
282,Step Up (2006),http://www.imdb.com/title/tt0462590/,6.5,48.0,104,12000000.0,20659573.0,65328121.0,114197742.0,2006-08-11,PG-13,Crime Drama Music,USA
284,Step Up 3D (2010),http://www.imdb.com/title/tt1193631/,6.2,45.0,107,30000000.0,15812311.0,42400223.0,159291809.0,2010-08-06,PG-13,Drama Music Romance,USA
286,The Karate Kid (1984),http://www.imdb.com/title/tt0087538/,7.2,60.0,126,8000000.0,5031753.0,91077276.0,91077276.0,1984-06-22,PG,Action Drama Family,USA
288,The Karate Kid Part III (1989),http://www.imdb.com/title/tt0097647/,5.2,36.0,112,13000000.0,10364544.0,38956288.0,38956288.0,1989-06-30,PG,Action Drama Family,USA
290,The Mummy (1999),http://www.imdb.com/title/tt0120616/,7.0,48.0,124,80000000.0,43369635.0,155385488.0,415933406.0,1999-05-07,PG-13,Action Adventure Fantasy,USA
292,Alvin and the Chipmunks (2007),http://www.imdb.com/title/tt0952640/,5.2,39.0,92,60000000.0,44307417.0,217326974.0,365352546.0,2007-12-14,PG,Animation Comedy Family,USA
294,The Fugitive (1993),http://www.imdb.com/title/tt0106977/,7.8,87.0,130,44000000.0,23758855.0,183875760.0,368875760.0,1993-08-06,PG-13,Action Crime Drama,USA
296,Analyze This (1999),http://www.imdb.com/title/tt0122933/,6.7,61.0,103,80000000.0,18383507.0,106885658.0,176885658.0,1999-03-05,R,Comedy Crime,USA
298,The Whole Nine Yards (2000),http://www.imdb.com/title/tt0190138/,6.7,47.0,98,41300000.0,13731070.0,57262492.0,106371651.0,2000-02-18,R,Comedy Crime,USA
300,The Addams Family (1991),http://www.imdb.com/title/tt0101272/,6.9,57.0,99,30000000.0,24203754.0,113502426.0,191502426.0,1991-11-22,PG-13,Comedy Fantasy,USA
302,Sex and the City (2008),http://www.imdb.com/title/tt1000774/,5.6,53.0,145,65000000.0,57038404.0,152647258.0,418765321.0,2008-05-30,R,Comedy Drama Romance,USA
304,Wayne's World (1992),http://www.imdb.com/title/tt0105793/,7.0,57.0,94,20000000.0,18122710.0,121697323.0,183097323.0,1992-02-14,PG-13,Comedy Music,USA
306,The French Connection (1971),http://www.imdb.com/title/tt0067116/,7.7,94.0,104,1800000.0,,51700000.0,51700000.0,1971-10-09,R,Action Crime Drama,USA
308,The Mask (1994),http://www.imdb.com/title/tt0110475/,6.9,56.0,101,23000000.0,23117068.0,119938730.0,351583407.0,1994-07-29,PG-13,Action Comedy Crime,USA
310,The Pink Panther (2006),http://www.imdb.com/title/tt0383216/,5.7,38.0,93,80000000.0,20220412.0,82226474.0,164115897.0,2006-02-10,PG,Adventure Comedy Crime,USA
312,The Silence of the Lambs (1991),http://www.imdb.com/title/tt0102926/,8.6,85.0,118,19000000.0,13766814.0,130742922.0,272753884.0,1991-02-14,R,Crime Drama Thriller,USA
314,Red Dragon (2002),http://www.imdb.com/title/tt0289765/,7.2,60.0,124,78000000.0,36540945.0,93149898.0,209196298.0,2002-10-04,R,Crime Drama Thriller,Germany
316,A Nightmare on Elm Street (1984),http://www.imdb.com/title/tt0087800/,7.5,76.0,91,1800000.0,1271000.0,25504513.0,25504513.0,1984-11-16,R,Horror,USA
318,A Nightmare on Elm Street 3: Dream Warriors (1987),http://www.imdb.com/title/tt0093629/,6.6,49.0,96,4500000.0,8880555.0,44793222.0,44793222.0,1987-02-27,R,Fantasy Horror,USA
320,A Nightmare on Elm Street 5: The Dream Child (1989),http://www.imdb.com/title/tt0097981/,5.2,54.0,89,6000000.0,8115176.0,22168359.0,22168359.0,1989-08-11,R,Fantasy Horror,USA
322,Wes Craven's New Nightmare (1994),http://www.imdb.com/title/tt0111686/,6.4,64.0,112,8000000.0,6667118.0,18090181.0,19721741.0,1994-10-14,R,Fantasy Horror Mystery,USA
324,Friday the 13th (1980),http://www.imdb.com/title/tt0080761/,6.5,22.0,95,550000.0,5816321.0,39754601.0,39754601.0,1980-05-09,R,Horror Mystery Thriller,USA
326,Friday the 13th Part III (1982),http://www.imdb.com/title/tt0083972/,5.7,30.0,95,2300000.0,9406522.0,36690067.0,36690067.0,1982-08-13,R,Horror Thriller,USA
328,Friday the 13th: A New Beginning (1985),http://www.imdb.com/title/tt0089173/,4.8,16.0,92,2200000.0,8032883.0,21930418.0,21930418.0,1985-03-22,R,Horror Mystery Thriller,USA
330,Friday the 13th Part VII: The New Blood (1988),http://www.imdb.com/title/tt0095179/,5.3,13.0,88,2800000.0,8245038.0,19170001.0,19170001.0,1988-05-13,R,Horror Thriller,USA
332,Jason Goes to Hell: The Final Friday (1993),http://www.imdb.com/title/tt0107254/,4.2,17.0,87,3000000.0,7552190.0,15935068.0,15935068.0,1993-08-13,R,Fantasy Horror Thriller,USA
334,Pirates of the Caribbean: The Curse of the Black Pearl (2003),http://www.imdb.com/title/tt0325980/,8.0,63.0,143,140000000.0,46630690.0,305413918.0,654264015.0,2003-07-09,PG-13,Action Adventure Fantasy,USA
336,Pirates of the Caribbean: At World's End (2007),http://www.imdb.com/title/tt0449088/,7.1,50.0,169,300000000.0,114732820.0,309420425.0,960996492.0,2007-05-25,PG-13,Action Adventure Fantasy,USA
338,Lara Croft: Tomb Raider (2001),http://www.imdb.com/title/tt0146316/,5.8,33.0,100,115000000.0,47735743.0,131168070.0,274703340.0,2001-06-15,PG-13,Action Adventure Fantasy,USA
340,The Godfather (1972),http://www.imdb.com/title/tt0068646/,9.2,100.0,175,6000000.0,302393.0,134966411.0,246120974.0,1972-03-24,R,Crime Drama,USA
342,Ocean's Eleven (2001),http://www.imdb.com/title/tt0240772/,7.7,74.0,116,85000000.0,38107822.0,183417150.0,450717150.0,2001-12-07,PG-13,Crime Thriller,USA
344,Ocean's Thirteen (2007),http://www.imdb.com/title/tt0496806/,6.9,62.0,122,85000000.0,36133403.0,117154724.0,311312624.0,2007-06-08,PG-13,Action Crime Thriller,USA
346,Planet of the Apes (1968),http://www.imdb.com/title/tt0063442/,8.0,79.0,112,5800000.0,,32589624.0,32595984.0,2068-04-03,G,Adventure Sci-Fi,USA
348,Escape from the Planet of the Apes (1971),http://www.imdb.com/title/tt0067065/,6.3,69.0,98,2500000.0,,12348905.0,12348905.0,1971-07-09,G,Action Sci-Fi,USA
350,Arthur and the Invisibles (2006),http://www.imdb.com/title/tt0344854/,6.0,39.0,94,86000000.0,,15132763.0,108605609.0,2007-01-12,PG,Animation Adventure Comedy,France
352,Cheaper by the Dozen (2003),http://www.imdb.com/title/tt0349205/,5.9,46.0,98,40000000.0,27557647.0,138614544.0,190538630.0,2003-12-25,PG,Comedy Family,USA
354,Ace Ventura: Pet Detective (1994),http://www.imdb.com/title/tt0109040/,6.9,37.0,86,15000000.0,12115105.0,72217396.0,107217396.0,1994-02-04,PG-13,Comedy,USA
356,Nanny McPhee (2005),http://www.imdb.com/title/tt0396752/,6.5,59.0,97,25000000.0,14503650.0,47144110.0,123276807.0,2006-01-27,PG,Comedy Family Fantasy,USA
358,The Expendables (2010),http://www.imdb.com/title/tt1320253/,6.5,45.0,103,80000000.0,34825135.0,103068524.0,274470394.0,2010-08-13,R,Action Adventure Thriller,USA
360,G.I. Joe: The Rise of Cobra (2009),http://www.imdb.com/title/tt1046173/,5.8,32.0,118,175000000.0,54713046.0,150201498.0,302469017.0,2009-08-07,PG-13,Action Adventure Sci-Fi,USA
362,Universal Soldier (1992),http://www.imdb.com/title/tt0105698/,6.0,35.0,102,23000000.0,10057084.0,36299898.0,36299898.0,1992-07-10,R,Action Sci-Fi,USA
364,Universal Soldier: Regeneration (2009),http://www.imdb.com/title/tt1288403/,5.2,70.0,97,10000000.0,,,844447.0,2009-10-01,R,Action Adventure Sci-Fi,USA
366,Nochnoy dozor (2004),http://www.imdb.com/title/tt0403358/,6.4,58.0,114,4200000.0,86985.0,1502188.0,50336279.0,2006-03-03,R,Action Fantasy Horror,Russia
368,Elizabeth (1998),http://www.imdb.com/title/tt0127536/,7.4,75.0,124,30000000.0,275131.0,30082699.0,82150642.0,1999-02-19,R,Biography Drama History,UK
370,Harry Potter and the Sorcerer's Stone (2001),http://www.imdb.com/title/tt0241527/,7.6,64.0,152,125000000.0,90294621.0,318087620.0,978087613.0,2001-11-16,PG,Adventure Family Fantasy,UK
372,Harry Potter and the Prisoner of Azkaban (2004),http://www.imdb.com/title/tt0304141/,7.9,82.0,142,130000000.0,93687367.0,249975996.0,796093985.0,2004-06-04,PG,Adventure Family Fantasy,UK
374,Harry Potter and the Order of the Phoenix (2007),http://www.imdb.com/title/tt0373889/,7.5,71.0,138,150000000.0,77108414.0,292353413.0,942044613.0,2007-07-11,PG-13,Action Adventure Family,UK
376,Harry Potter and the Deathly Hallows: Part 1 (2010),http://www.imdb.com/title/tt0926084/,7.7,65.0,146,125000000.0,125017372.0,296347721.0,988649305.0,2010-11-19,PG-13,Adventure Family Fantasy,UK
378,28 Days Later... (2002),http://www.imdb.com/title/tt0289043/,7.6,73.0,113,8000000.0,10061858.0,45064915.0,85720385.0,2003-06-27,R,Drama Horror Sci-Fi,UK
380,The Da Vinci Code (2006),http://www.imdb.com/title/tt0382625/,6.6,46.0,149,125000000.0,77073388.0,217536138.0,760006945.0,2006-05-19,PG-13,Mystery Thriller,USA
382,The Boondock Saints (1999),http://www.imdb.com/title/tt0144117/,7.8,44.0,108,6000000.0,19930.0,30471.0,30471.0,1999-11-19,R,Action Crime Thriller,USA
384,Dirty Dancing (1987),http://www.imdb.com/title/tt0092890/,7.0,65.0,100,6000000.0,3900000.0,64577242.0,217688008.0,1987-08-21,PG-13,Drama Music Romance,USA
386,Donnie Darko (2001),http://www.imdb.com/title/tt0246578/,8.0,88.0,113,6000000.0,110494.0,1478493.0,6979093.0,2002-01-30,R,Drama Mystery Sci-Fi,USA
388,Ghost Rider (2007),http://www.imdb.com/title/tt0259324/,5.2,35.0,110,110000000.0,45388836.0,115802596.0,228738393.0,2007-02-16,PG-13,Action Fantasy Thriller,USA
390,The Exorcist (1973),http://www.imdb.com/title/tt0070047/,8.0,81.0,122,11000000.0,8175666.0,232906145.0,441306145.0,1973-12-26,R,Horror,USA
392,The Exorcist III (1990),http://www.imdb.com/title/tt0099528/,6.4,48.0,110,11000000.0,9312219.0,26098824.0,39024251.0,1990-08-17,R,Drama Horror Mystery,USA
394,Dominion (2005),http://www.imdb.com/title/tt0449086/,5.2,55.0,117,30000000.0,140703.0,251495.0,251495.0,2005-08-01,R,Drama Horror Thriller,USA
396,The X Files (1998),http://www.imdb.com/title/tt0120902/,7.0,60.0,121,66000000.0,30138758.0,83898313.0,189176423.0,1998-06-19,PG-13,Drama Mystery Sci-Fi,USA
398,The Crimson Rivers (2000),http://www.imdb.com/title/tt0228786/,6.9,49.0,106,14000000.0,111026.0,594966.0,60103680.0,2001-07-13,R,Crime Horror Mystery,France
400,Les visiteurs (1993),http://www.imdb.com/title/tt0108500/,7.1,,107,9500000.0,24792.0,659810.0,98800000.0,1996-07-12,R,Comedy Fantasy,France
402,Battle Royale (2000),http://www.imdb.com/title/tt0266308/,7.6,81.0,114,4500000.0,,,958989.0,2000-12-16,R,Adventure Drama Sci-Fi,Japan
404,Terms of Endearment (1983),http://www.imdb.com/title/tt0086425/,7.4,79.0,132,8000000.0,3498813.0,108423489.0,108423489.0,1983-12-09,PG,Comedy Drama,USA
406,Happy Feet (2006),http://www.imdb.com/title/tt0366548/,6.4,77.0,108,100000000.0,41533432.0,198000317.0,384335608.0,2006-11-17,PG,Animation Adventure Comedy,USA
408,Romancing the Stone (1984),http://www.imdb.com/title/tt0088011/,6.9,63.0,106,10000000.0,5105741.0,76572238.0,86572238.0,1984-03-30,PG,Action Adventure Comedy,Mexico
410,Look Who's Talking (1989),http://www.imdb.com/title/tt0097778/,5.9,51.0,93,7500000.0,12107784.0,140088813.0,296999813.0,1989-10-13,PG-13,Comedy,USA
412,Legally Blonde (2001),http://www.imdb.com/title/tt0250494/,6.3,59.0,96,18000000.0,20377426.0,96520674.0,141774679.0,2001-07-13,PG-13,Comedy Romance,USA
414,Scooby-Doo (2002),http://www.imdb.com/title/tt0267913/,5.1,35.0,89,84000000.0,54155312.0,153294164.0,275650703.0,2002-06-14,PG,Adventure Comedy Family,USA
416,Home Alone (1990),http://www.imdb.com/title/tt0099785/,7.6,63.0,103,18000000.0,17081997.0,285761243.0,477063114.0,1990-11-16,PG,Comedy Family,USA
418,Mesrine Part 1: Killer Instinct (2008),http://www.imdb.com/title/tt1259014/,7.5,71.0,113,25000000.0,152873.0,551697.0,31076533.0,2008-10-22,R,Action Biography Crime,France
420,Dark Planet (2009),http://www.imdb.com/title/tt0972558/,5.1,,115,18300000.0,,,23772559.0,2009-01-01,PG,Action Adventure Sci-Fi,Russia
422,Lyubov-Morkov (2007),http://www.imdb.com/title/tt0976209/,5.1,,100,3000000.0,,,12543015.0,2007-03-01,R,Comedy Fantasy,Russia
424,Paragraf 78 (2007),http://www.imdb.com/title/tt0459924/,4.9,,88,4000000.0,,,5484185.0,2007-02-22,R,Action Sci-Fi Thriller,Russia
426,[Anti]killer (2002),http://www.imdb.com/title/tt0325005/,5.6,,114,1500000.0,,,875688.0,2002-08-01,R,Action Crime,Russia
428,Short Circuit (1986),http://www.imdb.com/title/tt0091949/,6.7,50.0,98,9000000.0,5346808.0,40697761.0,40697761.0,1986-05-09,PG,Comedy Family Sci-Fi,USA
430,Keinohrhasen (2007),http://www.imdb.com/title/tt0960790/,6.5,,116,6080000.0,,,81744033.0,2007-12-20,R,Comedy Romance,Germany
432,Pet Sematary (1989),http://www.imdb.com/title/tt0098084/,6.6,38.0,103,11500000.0,12046179.0,57469467.0,57469467.0,1989-04-21,R,Horror Thriller,USA
434,The Three Musketeers (1973),http://www.imdb.com/title/tt0072281/,7.2,,106,4500000.0,,22018000.0,22018000.0,1974-03-29,PG,Action Adventure,USA
436,Three Steps Above Heaven (2010),http://www.imdb.com/title/tt1648216/,7.0,,118,3000000.0,,,14066238.0,2010-12-03,R,Action Drama Romance,Spain
438,The Fly (1986),http://www.imdb.com/title/tt0091064/,7.6,79.0,96,15000000.0,7007423.0,40456565.0,60632088.0,1986-08-15,R,Drama Horror Sci-Fi,USA
440,Rush Hour (1998),http://www.imdb.com/title/tt0120812/,7.0,60.0,98,33000000.0,33001803.0,141186864.0,244721064.0,1998-09-18,PG-13,Action Comedy Crime,USA
442,Police Academy (1984),http://www.imdb.com/title/tt0087928/,6.7,41.0,96,4500000.0,8570007.0,81198894.0,81198894.0,1984-03-23,R,Comedy,USA
444,Police Academy 3: Back in Training (1986),http://www.imdb.com/title/tt0091777/,5.4,33.0,83,12000000.0,9049586.0,43579163.0,107600000.0,1986-03-21,PG,Comedy,Canada
446,Police Academy 5: Assignment: Miami Beach (1988),http://www.imdb.com/title/tt0095882/,4.7,18.0,90,14000000.0,6106661.0,19510371.0,54500000.0,1988-03-18,PG,Comedy Crime,USA
448,Paranormal Activity (2007),http://www.imdb.com/title/tt1179904/,6.3,68.0,86,230000.0,77873.0,107918810.0,193355800.0,2009-10-16,R,Horror Mystery Thriller,USA
450,Paranormal Activity 3 (2011),http://www.imdb.com/title/tt1778304/,5.8,59.0,83,5000000.0,52568183.0,104028807.0,207039844.0,2011-10-21,R,Horror Mystery Thriller,USA
452,Dirty Harry (1971),http://www.imdb.com/title/tt0066999/,7.7,90.0,102,4000000.0,,35976000.0,35976000.0,1971-12-23,R,Action Crime Thriller,USA
454,The Enforcer (1976),http://www.imdb.com/title/tt0086383/,6.8,58.0,96,9000000.0,,46236000.0,46236000.0,1976-12-22,R,Action Crime Thriller,USA
456,Under Siege (1992),http://www.imdb.com/title/tt0105690/,6.5,58.0,103,35000000.0,15760003.0,83563139.0,156563139.0,1992-10-09,R,Action Thriller,France
458,Atlas Shrugged: Part I (2011),http://www.imdb.com/title/tt0480239/,5.6,28.0,97,20000000.0,1677000.0,4627375.0,4627375.0,2011-04-15,PG-13,Drama Mystery Sci-Fi,USA
460,National Treasure (2004),http://www.imdb.com/title/tt0368891/,6.8,39.0,131,100000000.0,35142554.0,173008894.0,347512318.0,2004-11-19,PG,Action Adventure Mystery,USA
462,The Hangover (2009),http://www.imdb.com/title/tt1119646/,7.7,73.0,100,35000000.0,44979319.0,277322503.0,469310836.0,2009-06-05,R,Comedy,USA
464,Deuce Bigalow: Male Gigolo (1999),http://www.imdb.com/title/tt0205000/,5.7,30.0,88,17000000.0,12224016.0,65538755.0,92938755.0,1999-12-10,R,Comedy Romance,USA
466,Fletch (1985),http://www.imdb.com/title/tt0089155/,6.9,68.0,98,8000000.0,7022970.0,50612888.0,59612888.0,1985-05-31,PG,Comedy Crime Mystery,USA
468,City of God (2002),http://www.imdb.com/title/tt0317248/,8.6,79.0,130,3300000.0,88292.0,7564459.0,30680793.0,2004-02-13,R,Crime Drama,Brazil
470,Elite Squad (2007),http://www.imdb.com/title/tt0861739/,8.1,33.0,115,4000000.0,3604.0,8744.0,14759148.0,2007-10-12,R,Action Crime Drama,Brazil
472,Kick-Ass (2010),http://www.imdb.com/title/tt1250777/,7.6,66.0,117,30000000.0,19828687.0,48071303.0,96188903.0,2010-04-16,R,Action Comedy Crime,UK
474,RED (2010),http://www.imdb.com/title/tt1245526/,7.0,60.0,111,58000000.0,21761408.0,90380162.0,199006387.0,2010-10-15,PG-13,Action Comedy Crime,USA
476,The Talented Mr. Ripley (1999),https://www.imdb.com/title/tt0134119/,7.4,76.0,139,40000000.0,12738237.0,81298265.0,128798265.0,1999-12-25,R,Crime Drama Thriller,USA
478,Escape from New York (1981),http://www.imdb.com/title/tt0082340/,7.2,76.0,99,6000000.0,,25244626.0,25244626.0,1981-07-10,R,Action Adventure Sci-Fi,USA
480,The Lawnmower Man (1992),http://www.imdb.com/title/tt0104692/,5.5,42.0,108,10000000.0,7751971.0,32100816.0,32100816.0,1992-03-06,R,Horror Sci-Fi,UK
482,"Honey, I Shrunk the Kids (1989)",http://www.imdb.com/title/tt0097523/,6.3,63.0,93,18000000.0,14262961.0,130724172.0,222724172.0,1989-06-23,PG,Adventure Comedy Family,USA
484,Psycho (1960),http://www.imdb.com/title/tt0054215/,8.5,97.0,109,806947.0,,32000000.0,32000000.0,2060-09-08,R,Horror Mystery Thriller,USA
486,White Noise (2005),http://www.imdb.com/title/tt0375210/,5.5,30.0,101,10000000.0,24113565.0,56386759.0,91196419.0,2005-01-07,PG-13,Drama Horror Mystery,UK
488,Cocoon (1985),http://www.imdb.com/title/tt0088933/,6.7,65.0,117,17500000.0,7936427.0,76113124.0,85313124.0,1985-06-21,PG-13,Comedy Drama Sci-Fi,USA
490,Magic Mike (2012),http://www.imdb.com/title/tt1915581/,6.1,72.0,110,7000000.0,39127170.0,113721571.0,167739368.0,2012-06-29,R,Comedy Drama,USA
492,The Sisterhood of the Traveling Pants (2005),http://www.imdb.com/title/tt0403508/,6.5,66.0,119,25000000.0,9833340.0,39053061.0,42013878.0,2005-06-01,PG,Comedy Drama Romance,USA
494,Bad Santa (2003),http://www.imdb.com/title/tt0307987/,7.0,70.0,92,23000000.0,12500000.0,60060328.0,76488889.0,2003-11-26,R,Comedy Crime Drama,Germany
496,District B13 (2004),http://www.imdb.com/title/tt0414852/,7.2,70.0,84,14400000.0,410000.0,1200216.0,11169386.0,2006-06-02,R,Action Crime Sci-Fi,France
498,Taxi (1998),http://www.imdb.com/title/tt0152930/,7.0,,86,8700000.0,,,44500000.0,1998-11-20,PG-13,Action Comedy Crime,France
500,Taxi 3 (2003),https://www.imdb.com/title/tt0295721/,5.8,,84,14500000.0,288000.0,497208.0,65497208.0,2003-01-29,PG-13,Action Comedy Crime,France
502,Miss Congeniality (2000),http://www.imdb.com/title/tt0212346/,6.2,43.0,109,45000000.0,10046534.0,106807667.0,212742720.0,2000-12-22,PG-13,Action Comedy Crime,USA
504,Sherlock Holmes (2009),http://www.imdb.com/title/tt0988045/,7.6,57.0,128,90000000.0,62304277.0,209028679.0,524028679.0,2009-12-25,PG-13,Action Adventure Mystery,USA
506,Star Trek: The Motion Picture (1979),http://www.imdb.com/title/tt0079945/,6.4,48.0,132,35000000.0,11926421.0,82604699.0,82604699.0,1979-12-08,G,Adventure Mystery Sci-Fi,USA
508,Star Trek III: The Search for Spock (1984),http://www.imdb.com/title/tt0088170/,6.7,56.0,105,17000000.0,16673295.0,76471046.0,76471046.0,1984-06-01,PG,Action Adventure Sci-Fi,USA
510,Star Trek V: The Final Frontier (1989),http://www.imdb.com/title/tt0098382/,5.5,43.0,107,27800000.0,17375648.0,52210049.0,52210049.0,1989-06-09,PG,Action Adventure Fantasy,USA
512,Star Trek: Generations (1994),http://www.imdb.com/title/tt0111280/,6.6,55.0,118,35000000.0,23116394.0,75671125.0,118071125.0,1994-11-18,PG,Action Adventure Mystery,USA
514,Star Trek: Insurrection (1998),http://www.imdb.com/title/tt0120844/,6.4,64.0,103,58000000.0,22052836.0,70187658.0,112587658.0,1998-12-11,PG,Action Adventure Sci-Fi,USA
516,Basic Instinct (1992),http://www.imdb.com/title/tt0103772/,7.0,41.0,127,49000000.0,15129385.0,117727224.0,352927224.0,1992-03-20,R,Drama Mystery Thriller,France
518,The Amazing Spider-Man (2012),http://www.imdb.com/title/tt0948470/,6.9,66.0,136,230000000.0,62004688.0,262030663.0,757930663.0,2012-07-03,PG-13,Action Adventure Sci-Fi,USA
520,Machete (2010),http://www.imdb.com/title/tt0985694/,6.6,60.0,105,10500000.0,11416164.0,26593646.0,45491656.0,2010-09-03,R,Action Crime Thriller,USA
522,21 Jump Street (2012),http://www.imdb.com/title/tt1232829/,7.2,69.0,109,42000000.0,36302612.0,138447667.0,201585328.0,2012-03-16,R,Action Comedy Crime,USA
524,The Girl with the Dragon Tattoo (2009),http://www.imdb.com/title/tt1132620/,7.8,76.0,152,13000000.0,335502.0,10095170.0,104414200.0,2010-04-30,R,Crime Drama Mystery,Sweden
526,Insidious (2010),http://www.imdb.com/title/tt1591095/,6.8,52.0,103,1500000.0,13271464.0,54009150.0,99557032.0,2011-04-01,PG-13,Horror Mystery Thriller,USA
528,Insidious: Chapter 3 (2015),http://www.imdb.com/title/tt3195644/,6.1,52.0,97,10000000.0,22692741.0,52218558.0,112983889.0,2015-06-05,PG-13,Horror Mystery Thriller,Canada
530,Divergent (2014),http://www.imdb.com/title/tt1840309/,6.7,48.0,139,85000000.0,54607747.0,150947895.0,288885818.0,2014-03-21,PG-13,Action Adventure Mystery,USA
532,Rio (2011),http://www.imdb.com/title/tt1436562/,6.9,63.0,96,90000000.0,39225962.0,143619809.0,483866518.0,2011-04-15,G,Animation Adventure Comedy,USA
534,The Best Exotic Marigold Hotel (2011),http://www.imdb.com/title/tt1412386/,7.2,62.0,124,10000000.0,737051.0,46412041.0,136836156.0,2012-05-25,PG-13,Comedy Drama Romance,UK
536,Nymphomaniac: Vol. I (2013),http://www.imdb.com/title/tt1937390/,6.9,64.0,117,2350000.0,158369.0,785896.0,13545832.0,2014-03-06,R,Drama,Denmark
538,The Lego Movie (2014),http://www.imdb.com/title/tt1490017/,7.7,83.0,100,60000000.0,69050279.0,257760692.0,468060692.0,2014-02-07,PG,Animation Action Adventure,USA
540,The Woman in Black (2012),http://www.imdb.com/title/tt1596365/,6.4,62.0,95,17000000.0,20874072.0,54333290.0,128955898.0,2012-02-03,PG-13,Drama Fantasy Horror,UK
542,The Trip (2010),http://www.imdb.com/title/tt1740047/,7.0,,112,1000000.0,77904.0,2030962.0,3945217.0,2011-04-24,PG-13,Comedy Drama,UK
544,The Best Man (1999),http://www.imdb.com/title/tt0168501/,6.8,61.0,120,9000000.0,9031660.0,34102780.0,34573780.0,1999-10-22,R,Comedy Drama Romance,USA
546,Agent Cody Banks (2003),http://www.imdb.com/title/tt0313911/,5.0,41.0,102,28000000.0,14064317.0,47938330.0,58795814.0,2003-03-14,PG,Action Adventure Comedy,USA
548,101 Dalmatians (1996),http://www.imdb.com/title/tt0115433/,5.7,49.0,103,75000000.0,33504025.0,136189294.0,320689294.0,1996-11-27,G,Adventure Comedy Crime,USA
550,Anchorman: The Legend of Ron Burgundy (2004),http://www.imdb.com/title/tt0357413/,7.2,63.0,94,26000000.0,28416365.0,85288303.0,90649730.0,2004-07-09,PG-13,Comedy,USA
552,Lung hing foo dai (1986),http://www.imdb.com/title/tt0091431/,7.1,,88,15000000.0,,,4576550.0,1987-01-21,R,Action Adventure Comedy,Hong Kong
554,New Police Story (2004),http://www.imdb.com/title/tt0386005/,7.0,,123,11000000.0,,,8712057.0,2004-09-24,R,Action Crime Drama,Hong Kong
556,Before Sunrise (1995),http://www.imdb.com/title/tt0112471/,8.1,77.0,101,2500000.0,1423537.0,5535405.0,5986708.0,1995-01-27,R,Drama Romance,USA
558,Asterix and Obelix vs. Caesar (1999),http://www.imdb.com/title/tt0133385/,6.0,,109,42000000.0,304245.0,1541261.0,101600000.0,2000-07-14,PG,Adventure Comedy Family,France
560,Astérix aux jeux olympiques (2008),http://www.imdb.com/title/tt0463872/,5.2,,116,113500000.0,,,131856927.0,2008-06-13,PG,Adventure Comedy Family,France
562,Teenage Mutant Ninja Turtles (2014),http://www.imdb.com/title/tt1291150/,5.8,31.0,101,125000000.0,65575105.0,191204754.0,485004754.0,2014-08-08,PG-13,Action Adventure Comedy,USA
564,The Equalizer (2014),http://www.imdb.com/title/tt0455944/,7.2,57.0,132,55000000.0,34137828.0,101530738.0,192330738.0,2014-09-26,R,Action Crime Thriller,USA
566,The Hunger Games (2012),http://www.imdb.com/title/tt1392170/,7.2,68.0,142,78000000.0,152535747.0,408010692.0,694394724.0,2012-03-23,PG-13,Action Adventure Sci-Fi,USA
568,The Hunger Games: Mockingjay - Part 1 (2014),http://www.imdb.com/title/tt1951265/,6.6,64.0,123,125000000.0,121897634.0,337135885.0,755356711.0,2014-11-21,PG-13,Action Adventure Sci-Fi,USA
570,The Omega Code (1999),http://www.imdb.com/title/tt0203408/,3.6,14.0,100,8000000.0,2354362.0,12614346.0,12614346.0,1999-08-27,PG-13,Action Adventure Fantasy,USA
572,Ride Along (2014),http://www.imdb.com/title/tt1408253/,6.2,41.0,99,25000000.0,41516170.0,134938200.0,154468902.0,2014-01-17,PG-13,Action Comedy Crime,USA
574,The Muppets (2011),http://www.imdb.com/title/tt1204342/,7.1,75.0,120,45000000.0,29239026.0,88631237.0,165184237.0,2011-11-23,PG,Adventure Comedy Family,USA
576,The Muppet Movie (1979),http://www.imdb.com/title/tt0079588/,7.6,74.0,95,8000000.0,,65810475.0,65810475.0,1979-06-22,G,Adventure Comedy Family,UK
578,The Muppets Take Manhattan (1984),http://www.imdb.com/title/tt0082474/,6.9,64.0,94,8000000.0,4416022.0,25534703.0,25534703.0,1984-07-13,G,Adventure Comedy Drama,USA
580,A Haunted House (2013),http://www.imdb.com/title/tt2243537/,5.0,20.0,86,2500000.0,18101682.0,40041683.0,60159584.0,2013-01-11,R,Comedy Fantasy,USA
582,Think Like a Man (2012),http://www.imdb.com/title/tt1621045/,6.6,51.0,122,12000000.0,33636303.0,91547205.0,96070507.0,2012-04-20,PG-13,Comedy Romance,USA
584,Critters (1986),http://www.imdb.com/title/tt0090887/,6.1,52.0,86,2000000.0,1618800.0,13167232.0,13167232.0,1986-04-11,PG-13,Comedy Horror Sci-Fi,USA
586,Dolphin Tale (2011),http://www.imdb.com/title/tt1564349/,6.9,64.0,113,37000000.0,19152401.0,72286779.0,95943453.0,2011-09-23,PG,Drama Family,Canada
588,Hot Tub Time Machine (2010),http://www.imdb.com/title/tt1231587/,6.4,63.0,101,36000000.0,14020502.0,50287556.0,64780213.0,2010-03-26,R,Comedy Sci-Fi,USA
590,Paul Blart: Mall Cop (2009),http://www.imdb.com/title/tt1114740/,5.2,39.0,91,26000000.0,31832636.0,146336178.0,183348429.0,2009-01-16,PG,Action Comedy Crime,USA
592,Horrible Bosses (2011),http://www.imdb.com/title/tt1499658/,6.9,57.0,98,35000000.0,28302165.0,117538559.0,209838559.0,2011-07-08,R,Comedy Crime,USA
594,The Descent (2005),http://www.imdb.com/title/tt0435625/,7.2,71.0,99,7000000.0,8911330.0,26024456.0,57130027.0,2006-08-04,R,Adventure Horror Thriller,UK
596,REC (2007),http://www.imdb.com/title/tt1038988/,7.4,69.0,78,2000000.0,,,32511655.0,2007-11-23,R,Action Adventure Fantasy,Spain
598,[REC] 3: Genesis (2012),http://www.imdb.com/title/tt1649444/,5.0,45.0,80,6400000.0,3001.0,9600.0,11019975.0,2012-03-30,R,Action Comedy Horror,Spain
600,Grave Encounters (2011),http://www.imdb.com/title/tt1703199/,6.1,33.0,92,120000.0,,,3613222.0,2011-09-09,R,Adventure Fantasy Horror,Canada
602,An American Werewolf in London (1981),http://www.imdb.com/title/tt0082010/,7.5,60.0,97,10000000.0,3786512.0,30565292.0,30565292.0,1981-08-21,R,Comedy Horror,UK
604,The Blues Brothers (1980),http://www.imdb.com/title/tt0080455/,7.9,60.0,133,27000000.0,4858152.0,57229890.0,115229890.0,1980-06-20,R,Adventure Comedy Crime,USA
606,Fright Night (1985),http://www.imdb.com/title/tt0089175/,7.1,62.0,106,9000000.0,6118543.0,24922237.0,24922237.0,1985-08-02,R,Horror Thriller,USA
608,Child's Play (1988),http://www.imdb.com/title/tt0094862/,6.6,58.0,87,9000000.0,6583963.0,33244684.0,44196684.0,1988-11-09,R,Horror Thriller,USA
610,Child's Play 3 (1991),http://www.imdb.com/title/tt0103956/,5.1,27.0,90,13000000.0,5718940.0,14960255.0,20560255.0,1991-08-30,R,Horror Thriller,UK
612,Seed of Chucky (2004),http://www.imdb.com/title/tt0387575/,4.8,46.0,87,12000000.0,8800000.0,17083732.0,24829644.0,2004-11-12,R,Comedy Fantasy Horror,USA
614,Major League (1989),http://www.imdb.com/title/tt0097815/,7.2,62.0,107,11000000.0,8836265.0,49797148.0,49797148.0,1989-04-07,R,Comedy Sport,USA
616,Piranha 3D (2010),http://www.imdb.com/title/tt0464154/,5.4,53.0,88,24000000.0,10106872.0,25003155.0,83188165.0,2010-08-20,R,Comedy Horror,USA
618,The Hills Have Eyes (2006),http://www.imdb.com/title/tt0454841/,6.4,52.0,107,15000000.0,15708512.0,41778863.0,70008952.0,2006-03-10,R,Horror Thriller,USA
620,The Collector (2009),http://www.imdb.com/title/tt0844479/,6.4,29.0,90,6000000.0,3576296.0,7712114.0,10234475.0,2009-07-31,R,Action Crime Horror,USA
622,The Hills Have Eyes (1977),http://www.imdb.com/title/tt0077681/,6.3,64.0,90,230000.0,,,25000000.0,1977-07-22,R,Horror Thriller,USA
624,The Mechanic (2011),http://www.imdb.com/title/tt0472399/,6.6,49.0,93,40000000.0,11422006.0,29121498.0,76130093.0,2011-01-28,R,Action Thriller,USA
626,Ted (2012),http://www.imdb.com/title/tt1637725/,6.9,62.0,106,50000000.0,54415205.0,218815487.0,549368315.0,2012-06-29,R,Comedy,USA
628,Poltergeist (1982),http://www.imdb.com/title/tt0084516/,7.3,79.0,114,10700000.0,6896612.0,77142388.0,77142388.0,1982-06-04,PG,Horror Thriller,USA
630,Clerks (1994),http://www.imdb.com/title/tt0109445/,7.7,70.0,92,27000.0,31665.0,3151130.0,3151130.0,1994-11-09,R,Comedy,USA
632,The Raid: Redemption (2011),http://www.imdb.com/title/tt1899353/,7.6,73.0,101,1100000.0,213785.0,4105187.0,9148519.0,2012-04-13,R,Action Thriller,Indonesia
634,Blair Witch Project,https://www.imdb.com/title/tt0185937/,6.5,81.0,81,60000.0,1512054.0,140539099.0,248639099.0,1999-07-18,R,Adventure Fantasy Horror,USA
636,Wall Street (1987),http://www.imdb.com/title/tt0094291/,7.4,56.0,126,15000000.0,4104611.0,43848069.0,43848069.0,1987-12-11,R,Crime Drama,USA
638,A Fistful of Dollars (1964),http://www.imdb.com/title/tt0058461/,8.0,65.0,99,200000.0,,14500000.0,14516248.0,2067-01-18,R,Action Drama Western,Italy
640,Young Guns (1988),http://www.imdb.com/title/tt0096487/,6.9,50.0,107,13000000.0,7011393.0,45661556.0,45661556.0,1988-08-12,R,Action Western,USA
642,Finding Nemo (2003),http://www.imdb.com/title/tt0266543/,8.1,90.0,100,94000000.0,70251710.0,380843261.0,962858906.0,2003-05-30,G,Animation Adventure Comedy,USA
644,Bad Lieutenant (1992),http://www.imdb.com/title/tt0103759/,7.1,70.0,96,1000000.0,47454.0,2000022.0,2038916.0,1992-12-17,NC-17,Crime Drama Thriller,USA
646,Taken (2008),http://www.imdb.com/title/tt0936501/,7.8,51.0,90,25000000.0,24717037.0,145000989.0,226837760.0,2009-01-30,PG-13,Action Thriller,France
648,Cloverfield (2008),http://www.imdb.com/title/tt1060277/,7.0,64.0,85,25000000.0,40058229.0,80048433.0,172394180.0,2008-01-18,PG-13,Action Adventure Horror,USA
650,Olympus Has Fallen (2013),http://www.imdb.com/title/tt2302755/,6.5,41.0,119,70000000.0,30373794.0,98925640.0,170270201.0,2013-03-22,R,Action Thriller,USA
652,My Big Fat Greek Wedding (2002),http://www.imdb.com/title/tt0259446/,6.5,62.0,95,5000000.0,597362.0,241438208.0,368744044.0,2002-08-02,PG,Comedy Drama Romance,Canada
654,Man of Steel (2013),http://www.imdb.com/title/tt0770828/,7.0,55.0,143,225000000.0,116619362.0,291045518.0,668045518.0,2013-06-14,PG-13,Action Adventure Sci-Fi,USA
656,The Avengers (2012),http://www.imdb.com/title/tt0848228/,8.0,69.0,143,220000000.0,207438708.0,623357910.0,1518812988.0,2012-05-04,PG-13,Action Adventure Sci-Fi,USA
658,Avengers: Infinity War (2018),http://www.imdb.com/title/tt4154756/,8.4,68.0,149,321000000.0,257698183.0,678815482.0,2048359754.0,2018-04-27,PG-13,Action Adventure Sci-Fi,USA
660,Thor (2011),http://www.imdb.com/title/tt0800369/,7.0,57.0,115,150000000.0,65723338.0,181030624.0,449326618.0,2011-05-06,PG-13,Action Adventure Fantasy,USA
662,Captain America: The First Avenger (2011),http://www.imdb.com/title/tt0458339/,6.9,66.0,124,140000000.0,65058524.0,176654505.0,370569774.0,2011-07-22,PG-13,Action Adventure Sci-Fi,USA
664,Deadpool (2016),http://www.imdb.com/title/tt1431045/,8.0,65.0,108,58000000.0,132434639.0,363070709.0,782612155.0,2016-02-12,R,Action Adventure Comedy,USA
666,The Purge (2013),http://www.imdb.com/title/tt2184339/,5.7,41.0,85,3000000.0,34058360.0,64473115.0,89328627.0,2013-06-07,R,Horror Thriller,USA
668,Zoolander (2001),http://www.imdb.com/title/tt0196229/,6.5,61.0,90,28000000.0,15525043.0,45172250.0,60780981.0,2001-09-28,PG-13,Comedy,Germany
670,Alice in Wonderland (2010),http://www.imdb.com/title/tt1014759/,6.4,53.0,108,200000000.0,116101023.0,334191110.0,1025467110.0,2010-03-05,PG,Adventure Family Fantasy,USA
672,Independence Day (1996),http://www.imdb.com/title/tt0116629/,7.0,59.0,145,75000000.0,50228264.0,306169268.0,817400891.0,1996-07-03,PG-13,Action Adventure Sci-Fi,USA
674,Unbreakable (2000),http://www.imdb.com/title/tt0217869/,7.3,62.0,106,75000000.0,30330771.0,95011339.0,248118121.0,2000-11-22,PG-13,Drama Mystery Sci-Fi,USA
676,The Hustler (1961),http://www.imdb.com/title/tt0054997/,8.0,90.0,134,2150000.0,,,7600000.0,2061-09-25,R,Drama Sport,USA
678,Trainspotting (1996),http://www.imdb.com/title/tt0117951/,8.1,83.0,93,3500000.0,262673.0,16491080.0,16593356.0,1996-08-09,R,Drama,UK
680,Blade Runner (1982),http://www.imdb.com/title/tt0083658/,8.1,84.0,117,28000000.0,6150002.0,32868943.0,41458976.0,1982-06-25,R,Action Sci-Fi Thriller,USA
682,Guardians of the Galaxy (2014),http://www.imdb.com/title/tt2015381/,8.0,76.0,121,170000000.0,94320883.0,333176600.0,772776600.0,2014-08-01,PG-13,Action Adventure Comedy,USA
684,Prometheus (2012),http://www.imdb.com/title/tt1446714/,7.0,64.0,124,130000000.0,51050101.0,126477084.0,403354469.0,2012-06-08,R,Adventure Mystery Sci-Fi,USA
686,Rise of the Planet of the Apes (2011),http://www.imdb.com/title/tt1318514/,7.6,68.0,105,93000000.0,54806191.0,176760185.0,481800873.0,2011-08-05,PG-13,Action Drama Sci-Fi,USA
688,Star Trek (2009),http://www.imdb.com/title/tt0796366/,7.9,82.0,127,150000000.0,75204289.0,257730019.0,385680446.0,2009-05-08,PG-13,Action Adventure Sci-Fi,USA
690,Gremlins (1984),http://www.imdb.com/title/tt0087363/,7.3,70.0,106,11000000.0,12511634.0,153083102.0,153334030.0,1984-06-08,PG,Comedy Fantasy Horror,USA
692,Dumb and Dumber (1994),http://www.imdb.com/title/tt0109686/,7.3,41.0,107,17000000.0,16363442.0,127175374.0,247275374.0,1994-12-16,PG-13,Comedy,USA
694,Despicable Me (2010),http://www.imdb.com/title/tt1323594/,7.6,72.0,95,69000000.0,56397125.0,251513985.0,543113985.0,2010-07-09,PG,Animation Comedy Family,USA
696,Kingsman: The Secret Service (2014),http://www.imdb.com/title/tt2802144/,7.7,60.0,129,81000000.0,36206331.0,128261724.0,414351546.0,2015-02-13,R,Action Adventure Comedy,UK
698,The Maze Runner (2014),http://www.imdb.com/title/tt1790864/,6.8,57.0,113,34000000.0,32512804.0,102427862.0,348319861.0,2014-09-19,PG-13,Action Mystery Sci-Fi,USA
700,Paddington (2014),http://www.imdb.com/title/tt1109624/,7.2,77.0,95,55000000.0,18966676.0,76271832.0,282839394.0,2015-01-16,PG,Adventure Comedy Family,UK
702,Hotel Transylvania (2012),http://www.imdb.com/title/tt0837562/,7.1,47.0,91,85000000.0,42522194.0,148313048.0,358375603.0,2012-09-28,PG,Animation Comedy Family,USA
704,Mamma Mia! (2008),http://www.imdb.com/title/tt0795421/,6.4,51.0,108,52000000.0,27751240.0,144169664.0,609896805.0,2008-07-18,PG-13,Comedy Musical Romance,USA
706,The Incredibles (2004),http://www.imdb.com/title/tt0317705/,8.0,90.0,115,92000000.0,70467623.0,261441092.0,631606713.0,2004-11-05,PG,Animation Action Adventure,USA
708,Wreck-It Ralph (2012),http://www.imdb.com/title/tt1772341/,7.7,72.0,101,165000000.0,49038712.0,189422889.0,471222889.0,2012-11-02,PG,Animation Adventure Comedy,USA
710,Johnny English (2003),http://www.imdb.com/title/tt0274166/,6.2,51.0,89,40000000.0,9134085.0,28082366.0,160466000.0,2003-07-18,PG,Action Adventure Comedy,UK
712,Cars (2006),http://www.imdb.com/title/tt0317219/,7.1,73.0,117,120000000.0,60119509.0,244082982.0,461983149.0,2006-06-09,G,Animation Comedy Family,USA
714,Happy Death Day (2017),http://www.imdb.com/title/tt5308322/,6.5,58.0,96,4800000.0,26039025.0,55683845.0,125479266.0,2017-10-13,PG-13,Horror Mystery Thriller,USA
716,Mission: Impossible (1996),http://www.imdb.com/title/tt0117060/,7.1,59.0,110,80000000.0,45436830.0,180981856.0,457731198.0,1996-05-22,PG-13,Action Adventure Thriller,USA
718,Mission: Impossible III (2006),http://www.imdb.com/title/tt0317919/,6.9,66.0,126,150000000.0,47743273.0,134029801.0,398479497.0,2006-05-05,PG-13,Action Adventure Thriller,USA
720,Mission: Impossible - Rogue Nation (2015),http://www.imdb.com/title/tt2381249/,7.4,75.0,131,150000000.0,55520089.0,195042377.0,682714267.0,2015-07-31,PG-13,Action Adventure Thriller,USA
722,The Secret Life of Pets (2016),http://www.imdb.com/title/tt2709768/,6.5,61.0,87,75000000.0,104352905.0,368384330.0,875457937.0,2016-07-08,PG,Animation Adventure Comedy,USA
724,A Dog's Purpose (2017),http://www.imdb.com/title/tt1753383/,7.2,43.0,100,22000000.0,18222810.0,64508620.0,205736628.0,2017-01-27,PG,Adventure Comedy Drama,USA
726,John Wick (2014),http://www.imdb.com/title/tt2911666/,7.4,68.0,101,20000000.0,14415922.0,43037835.0,86013056.0,2014-10-24,R,Action Crime Thriller,USA
728,Spider-Man: Homecoming (2017),http://www.imdb.com/title/tt2250912/,7.4,73.0,133,175000000.0,117027503.0,334201140.0,880166924.0,2017-07-07,PG-13,Action Adventure Sci-Fi,USA
730,El Mariachi (1992),http://www.imdb.com/title/tt0104815/,6.9,73.0,81,208000.0,312528.0,2040920.0,2040920.0,1993-02-26,R,Action Crime Thriller,Mexico
732,Sin City (2005),http://www.imdb.com/title/tt0401792/,8.0,74.0,124,40000000.0,28100000.0,74103820.0,158733820.0,2005-04-01,R,Crime Thriller,USA
734,How to Train Your Dragon (2010),http://www.imdb.com/title/tt0892769/,8.1,75.0,98,165000000.0,43732319.0,217581231.0,494878759.0,2010-03-26,PG,Animation Action Adventure,USA
736,Toy Story (1995),http://www.imdb.com/title/tt0114709/,8.3,95.0,81,30000000.0,29140617.0,222498679.0,404265438.0,1995-11-22,G,Animation Adventure Comedy,USA
738,Toy Story 3 (2010),http://www.imdb.com/title/tt0435761/,8.3,92.0,103,200000000.0,110307189.0,415004880.0,1066969703.0,2010-06-18,G,Animation Adventure Comedy,USA
740,Annabelle (2014),http://www.imdb.com/title/tt3322940/,5.4,37.0,99,6500000.0,37134255.0,84273813.0,257047661.0,2014-10-03,R,Horror Mystery Thriller,USA
742,The Conjuring (2013),http://www.imdb.com/title/tt1457767/,7.5,68.0,112,20000000.0,41855326.0,137400141.0,319494638.0,2013-07-19,R,Horror Mystery Thriller,USA
744,Angry Birds (2016),http://www.imdb.com/title/tt7069210/,6.3,43.0,97,73000000.0,38155177.0,107509366.0,352333929.0,2016-05-20,PG,Animation Action Adventure,Finland
746,It (2017),http://www.imdb.com/title/tt6095472/,7.3,69.0,135,35000000.0,123403419.0,328828874.0,701796444.0,2017-09-08,R,Horror,Canada
748,Zombieland (2009),http://www.imdb.com/title/tt7349950/,7.6,73.0,88,23600000.0,24733155.0,75590286.0,102392080.0,2009-10-02,R,Adventure Comedy Fantasy,USA
750,The Shining (1980),http://www.imdb.com/title/tt1560220/,8.4,66.0,144,19000000.0,622337.0,45332952.0,46220969.0,1980-06-13,R,Drama Horror,UK
752,Dogville (2003),http://www.imdb.com/title/tt5606664/,8.0,60.0,178,10000000.0,88855.0,1535286.0,16689283.0,2004-04-23,R,Crime Drama,Denmark
754,Dr. No (1962),http://www.imdb.com/title/tt0342735/,7.2,78.0,110,1100000.0,,16067035.0,16067035.0,2062-10-10,PG,Action Adventure Thriller,UK
756,Goldfinger (1964),http://www.imdb.com/title/tt0058150/,7.7,87.0,110,3000000.0,,51081062.0,51158864.0,2065-01-09,PG,Action Adventure Thriller,UK
758,You Only Live Twice (1967),http://www.imdb.com/title/tt0062512/,6.9,61.0,117,9500000.0,,43084787.0,43084787.0,2067-06-13,PG,Action Adventure Thriller,UK
760,On Her Majesty's Secret Service (1969),http://www.imdb.com/title/tt0064757/,6.7,61.0,142,7000000.0,,22774493.0,22787885.0,1969-12-19,PG,Action Adventure Thriller,UK
762,Live and Let Die (1973),http://www.imdb.com/title/tt0070328/,6.8,55.0,121,7000000.0,,35377836.0,35377836.0,1973-06-27,PG,Action Adventure Thriller,UK
764,The Spy Who Loved Me (1977),http://www.imdb.com/title/tt0076752/,7.1,55.0,125,14000000.0,,46838673.0,46838673.0,1977-08-03,PG,Action Adventure Thriller,UK
766,For Your Eyes Only (1981),http://www.imdb.com/title/tt0082398/,6.8,54.0,127,28000000.0,6834967.0,54812802.0,54812802.0,1981-06-26,PG,Action Adventure Thriller,UK
768,Never Say Never Again (1983),http://www.imdb.com/title/tt0086006/,6.2,68.0,134,36000000.0,10958157.0,55432841.0,55432841.0,1983-10-07,PG,Action Adventure Thriller,UK
770,The Living Daylights (1987),http://www.imdb.com/title/tt0093428/,6.7,60.0,130,40000000.0,11051284.0,51185897.0,51185897.0,1987-07-31,PG,Action Adventure Thriller,UK
772,GoldenEye (1995),http://www.imdb.com/title/tt0113189/,7.2,65.0,130,60000000.0,26205007.0,106429941.0,352194034.0,1995-11-17,PG-13,Action Adventure Thriller,UK
774,The World Is Not Enough (1999),http://www.imdb.com/title/tt0143145/,6.4,57.0,128,135000000.0,35519007.0,126943684.0,361832400.0,1999-11-19,PG-13,Action Adventure Thriller,UK
776,Casino Royale (2006),http://www.imdb.com/title/tt0381061/,8.0,80.0,144,150000000.0,40833156.0,167445960.0,616501619.0,2006-11-17,PG-13,Action Adventure Thriller,UK
778,Skyfall (2012),http://www.imdb.com/title/tt1074638/,7.7,81.0,143,200000000.0,88364714.0,304360277.0,1108561013.0,2012-11-09,PG-13,Action Adventure Thriller,UK
780,Diary of a Mad Black Woman (2005),http://www.imdb.com/title/tt0422093/,5.7,36.0,116,5500000.0,21905089.0,50633099.0,50652203.0,2005-02-25,PG-13,Comedy Drama Romance,USA
782,Madea Goes to Jail (2009),http://www.imdb.com/title/tt1142800/,4.4,50.0,103,17500000.0,41030947.0,90508336.0,90508336.0,2009-02-20,PG-13,Comedy Crime Drama,USA
784,Madea's Big Happy Family (2011),http://www.imdb.com/title/tt1787759/,4.7,45.0,106,25000000.0,25068677.0,53345287.0,54161287.0,2011-04-22,PG-13,Comedy Drama,USA
786,A Madea Christmas (2013),http://www.imdb.com/title/tt2609758/,4.8,28.0,100,25000000.0,16007634.0,52543354.0,53396635.0,2013-12-13,PG-13,Comedy Drama Romance,USA
788,Boo 2! A Madea Halloween (2017),http://www.imdb.com/title/tt6217804/,3.8,17.0,101,25000000.0,21226953.0,47319572.0,48333932.0,2017-10-20,PG-13,Comedy Drama Horror,USA
790,Snow White and the Huntsman (2012),https://www.imdb.com/title/tt1735898/,6.1,57.0,127,170000000.0,56217700.0,155332381.0,396592829.0,2012-06-01,PG-13,Action Adventure Drama,USA
792,Maleficent (2014),https://www.imdb.com/title/tt1587310/,7.0,56.0,97,180000000.0,69431298.0,241410378.0,758410378.0,2014-05-30,PG,Action Adventure Family,USA
794,Frozen (2013),https://www.imdb.com/title/tt2294629/,7.4,75.0,102,150000000.0,243390.0,400738009.0,1280802282.0,2013-11-27,PG,Animation Adventure Comedy,USA
796,"The Chronicles of Narnia: The Lion, the Witch and the Wardrobe (2005)",https://www.imdb.com/title/tt0363771/,6.9,75.0,143,180000000.0,65556312.0,291710957.0,745013115.0,2005-12-09,PG,Adventure Family Fantasy,UK
798,Jumanji: Welcome to the Jungle (2017),https://www.imdb.com/title/tt2283362/,6.9,58.0,119,90000000.0,36169328.0,404540171.0,962102237.0,2017-12-20,PG-13,Action Adventure Comedy,USA
800,Ant-Man (2015),https://www.imdb.com/title/tt0478970/,7.3,64.0,117,130000000.0,57225526.0,180202163.0,519311965.0,2015-07-17,PG-13,Action Adventure Comedy,USA
802,Fantastic Beasts and Where to Find Them (2016),https://www.imdb.com/title/tt3183660/,7.3,66.0,132,180000000.0,74403387.0,234037575.0,814037575.0,2016-11-18,PG-13,Adventure Family Fantasy,UK
804,Patriot Games (1992),https://www.imdb.com/title/tt0105112/,6.9,64.0,117,45000000.0,18511191.0,83351587.0,178051587.0,1992-06-05,R,Action Thriller,USA
806,Barbershop (2002),https://www.imdb.com/title/tt0303714/,6.3,66.0,102,12000000.0,20627433.0,75782105.0,77063924.0,2002-09-13,PG-13,Comedy Drama,USA
808,Suicide Squad (2016),https://www.imdb.com/title/tt1386697/,6.0,40.0,123,175000000.0,133682248.0,325100054.0,746846894.0,2016-08-05,PG-13,Action Adventure Fantasy,USA
810,Mallrats (1995),https://www.imdb.com/title/tt0113749/,7.1,41.0,94,6000000.0,1153838.0,2122561.0,2122561.0,1995-10-20,R,Comedy Romance,USA
812,Dogma (1999),https://www.imdb.com/title/tt0120655/,7.3,62.0,130,10000000.0,8669945.0,30652890.0,31429330.0,1999-11-12,R,Adventure Comedy Drama,USA
814,Creed (2015),https://www.imdb.com/title/tt3076658/,7.6,82.0,133,35000000.0,29632823.0,109767581.0,173567581.0,2015-11-25,PG-13,Drama Sport,USA
816,TRON (1982),https://www.imdb.com/title/tt0084827/,6.8,58.0,96,17000000.0,4761795.0,33000000.0,33000000.0,1982-07-09,PG,Action Adventure Sci-Fi,USA
818,Shaun of the Dead (2004),https://www.imdb.com/title/tt0365748/,7.9,76.0,99,6100000.0,3300000.0,13542874.0,30076102.0,2004-09-24,R,Comedy Horror,UK
820,Jackass: The Movie (2002),https://www.imdb.com/title/tt0322802/,6.6,42.0,87,5000000.0,22763437.0,64255312.0,79493831.0,2002-10-25,R,Documentary Action Comedy,USA
822,Pitch Perfect (2012),https://www.imdb.com/title/tt1981677/,7.2,66.0,112,17000000.0,5149433.0,65001093.0,115350426.0,2012-10-05,PG-13,Comedy Music Romance,USA
824,Friday (1995),https://www.imdb.com/title/tt0113118/,7.3,54.0,91,3500000.0,6589341.0,27467564.0,28215918.0,1995-04-26,R,Comedy Drama,USA
826,Jaws (1975),https://www.imdb.com/title/tt0073195/,8.0,87.0,124,7000000.0,7061513.0,260000000.0,471203004.0,1975-06-20,PG,Adventure Thriller,USA
828,Jaws 3-D (1983),https://www.imdb.com/title/tt0085750/,3.7,27.0,99,20500000.0,13422500.0,45517055.0,87987055.0,1983-07-22,PG,Adventure Horror Thriller,USA
830,The NeverEnding Story (1984),https://www.imdb.com/title/tt0088323/,7.4,46.0,102,27000000.0,4325823.0,20158808.0,20250857.0,1984-07-20,PG,Adventure Drama Family,Germany
832,Phantasm (1979),https://www.imdb.com/title/tt0079714/,6.8,72.0,89,300000.0,,11988469.0,11988469.0,1979-03-28,R,Horror Sci-Fi,USA
834,The Stepfather (1987),https://www.imdb.com/title/tt0094035/,6.8,72.0,89,3000000.0,260587.0,2488740.0,2488740.0,1987-06-05,R,Horror Thriller,UK
836,Diary of a Wimpy Kid (2010),https://www.imdb.com/title/tt1196141/,6.2,56.0,120,15000000.0,22126166.0,64003625.0,76196538.0,2010-03-19,PG,Comedy Drama Family,USA
838,Diary of a Wimpy Kid: Dog Days (2012),https://www.imdb.com/title/tt2023453/,6.3,54.0,94,22000000.0,14623599.0,49008662.0,77229695.0,2012-08-03,PG,Comedy Family,USA
840,The Mighty Ducks (1992),https://www.imdb.com/title/tt0104868/,6.5,46.0,104,10000000.0,6035133.0,50752337.0,50752337.0,1992-10-02,PG,Comedy Drama Family,USA
842,Teenage Mutant Ninja Turtles (1990),https://www.imdb.com/title/tt0100758/,6.8,51.0,93,13500000.0,25398367.0,135265915.0,201965915.0,1990-03-30,PG,Action Adventure Comedy,USA
844,Death Wish (1974),https://www.imdb.com/title/tt0071402/,7.0,51.0,93,3000000.0,,22000000.0,22000000.0,1974-07-24,R,Action Crime Drama,USA
846,Death Wish 3 (1985),https://www.imdb.com/title/tt0089003/,5.9,18.0,92,9000000.0,5319116.0,16116878.0,16116878.0,1985-11-01,R,Action Crime Drama,USA
848,Dhoom (2004),https://www.imdb.com/title/tt0422091/,6.7,,129,1500000.0,102860.0,245756.0,9900000.0,2004-08-27,R,Action Thriller,India
850,Crocodile Dundee (1986),https://www.imdb.com/title/tt0090555/,6.6,62.0,97,8800000.0,8038855.0,174803506.0,328203506.0,1986-09-26,PG-13,Action Adventure Comedy,Australia
852,Smokey and the Bandit (1977),https://www.imdb.com/title/tt0076729/,7.0,50.0,96,4300000.0,,126737428.0,126737428.0,1977-05-27,PG,Action Comedy,USA
854,The Cannonball Run (1981),https://www.imdb.com/title/tt0082136/,6.3,28.0,95,18000000.0,11765654.0,72179579.0,72179579.0,1981-06-19,PG,Action Comedy Sport,USA
856,Goal! The Dream Begins (2005),https://www.imdb.com/title/tt0380389/,6.7,53.0,118,10000000.0,1921838.0,4283255.0,27610873.0,2006-05-12,PG-13,Adventure Drama Romance,USA
858,Porky's (1981),https://www.imdb.com/title/tt0084522/,6.2,40.0,94,2500000.0,7623988.0,111289673.0,111289673.0,1982-03-19,R,Comedy,Canada
860,Warlock (1989),https://www.imdb.com/title/tt0098622/,6.2,,103,7000000.0,780360.0,9094451.0,9094451.0,1991-01-11,R,Action Fantasy Horror,USA
862,The Beastmaster (1982),https://www.imdb.com/title/tt0083630/,6.2,18.0,118,8000000.0,2955641.0,14056528.0,14056528.0,1982-08-20,PG,Action Adventure Fantasy,USA
864,Free Willy (1993),https://www.imdb.com/title/tt0106965/,6.0,79.0,112,20000000.0,7868829.0,77698625.0,153698625.0,1993-07-16,PG,Adventure Drama Family,USA
866,Paranormal Activity: The Marked Ones (2014),https://www.imdb.com/title/tt2473682/,5.0,42.0,84,5000000.0,18343611.0,32462372.0,90894962.0,2014-01-03,R,Horror Mystery Thriller,USA
868,Honey (2003),https://www.imdb.com/title/tt0322589/,5.4,37.0,94,18000000.0,12856040.0,30308417.0,62228395.0,2003-12-05,PG-13,Drama Music Romance,USA
870,Witchboard (1986),https://www.imdb.com/title/tt0090327/,5.7,45.0,98,2000000.0,95435.0,7369373.0,7369373.0,1987-03-13,R,Horror Mystery Thriller,UK
872,Kickboxer (1989),https://www.imdb.com/title/tt0097659/,6.5,33.0,97,1500000.0,4134098.0,14697005.0,14697005.0,1989-09-08,R,Action Sport Thriller,USA
874,Highlander (1986),https://www.imdb.com/title/tt0091203/,7.1,24.0,116,16000000.0,2453021.0,5900000.0,5900000.0,1986-03-07,R,Action Adventure Fantasy,UK
876,Highlander: The Final Dimension (1994),https://www.imdb.com/title/tt0110027/,4.5,28.0,99,26000000.0,5536435.0,12303080.0,12303080.0,1995-01-27,PG-13,Action Fantasy Romance,UK
878,Iron Eagle (1986),https://www.imdb.com/title/tt0091278/,5.5,41.0,117,18000000.0,6104754.0,24159872.0,24159872.0,1986-01-17,PG-13,Action Thriller War,USA
880,Fifty Shades of Grey (2015),https://www.imdb.com/title/tt2322441/,4.1,46.0,125,40000000.0,85171450.0,166167230.0,569651467.0,2015-02-13,R,Drama Romance Thriller,USA
882,Bruce Almighty,https://www.imdb.com/title/tt0108656/,6.8,46.0,101,81000000.0,67953330.0,242829261.0,484592874.0,2003-05-25,PG-13,Comedy Drama Fantasy,USA
884,Problem Child,https://www.imdb.com/title/tt0100419/,5.5,27.0,81,10000000.0,10026900.0,53470891.0,72270891.0,1990-07-29,PG,Comedy Family,USA
886,Flintstones ,https://www.imdb.com/title/tt0109813/,4.9,38.0,91,46000000.0,29688730.0,130531208.0,341631208.0,1994-05-29,PG,Comedy Family,USA
888,Ip Man,https://www.imdb.com/title/tt1220719/,8.0,59.0,106,11715578.0,,,22108789.0,2008-12-12,R,Action Biography Drama,Hong Kong
890,Ip Man 3,https://www.imdb.com/title/tt2888046/,7.1,57.0,105,36000000.0,784839.0,2679437.0,157029618.0,2015-12-25,R,Action Biography Drama,Hong Kong
892,The Big Boss,https://www.imdb.com/title/tt0067824/,7.1,,99,100000.0,,,50000000.0,1971-10-23,R,Action Crime Drama,Hong Kong
894,The Way of the Dragon,https://www.imdb.com/title/tt0068935/,7.3,74.0,90,130000.0,,,130000000.0,1972-08-14,R,Action Adventure Crime,Hong Kong
896,Flatliners,https://www.imdb.com/title/tt0099582,6.6,55.0,115,26000000.0,10034685.0,61489265.0,61489265.0,1990-08-10,R,Drama Horror Sci-Fi,USA
898,Bhoothnath,http://www.imdb.com/title/tt0991346/,6.3,,150,210000.0,330246.0,476032.0,13236817.0,2008-05-09,PG-13,Comedy Drama Family,India
900,Mary Poppins (1964),https://www.imdb.com/title/tt0058331/,7.8,88.0,139,6000000.0,,102272727.0,103082283.0,2065-06-18,G,Comedy Family Fantasy,USA
902,Airplane! (1980),https://www.imdb.com/title/tt0080339/,7.7,78.0,88,3500000.0,,83453539.0,83453539.0,1980-07-02,PG,Comedy,USA
904,The Human Centipede (First Sequence) (2009),https://www.imdb.com/title/tt1467304/,4.4,33.0,92,2030000.0,12424.0,181467.0,325113.0,2010-04-28,R,Horror,Netherlands
906,The Brady Bunch Movie (1995),https://www.imdb.com/title/tt0112572/,6.0,54.0,90,12000000.0,14827066.0,46576136.0,46576136.0,1995-02-17,PG-13,Comedy,USA
908,Sister Act (1992),https://www.imdb.com/title/tt0105417/,6.4,51.0,100,31000000.0,11894587.0,139605150.0,231605150.0,1992-05-29,PG,Comedy Crime Family,USA
910,Kiss the Girls (1997),https://www.imdb.com/title/tt0119468/,6.6,46.0,115,27000000.0,13215167.0,60527873.0,60527873.0,1997-10-03,R,Crime Drama Mystery,USA
912,Unfriended (2014),https://www.imdb.com/title/tt3713166/,5.5,59.0,83,1000000.0,15845115.0,32482090.0,62882090.0,2015-04-17,R,Horror Mystery Thriller,USA
914,House of 1000 Corpses (2003),https://www.imdb.com/title/tt0251736/,6.1,31.0,89,7000000.0,3400000.0,12634962.0,16829545.0,2003-04-11,R,Horror,USA
916,Journey to the Center of the Earth (2008),https://www.imdb.com/title/tt0373051/,5.8,57.0,93,60000000.0,21018141.0,101704370.0,244232688.0,2008-07-11,PG,Action Adventure Family,USA
918,Grease (1978),https://www.imdb.com/title/tt0077631/,7.2,70.0,110,6000000.0,8941717.0,190071103.0,397217505.0,1978-06-16,PG,Musical Romance,USA
920,The Wizard of Oz (1939),https://www.imdb.com/title/tt0032138/,8.0,100.0,102,2777000.0,5354311.0,24790250.0,26142032.0,2039-08-25,PG,Adventure Family Fantasy,USA
922,Daddy's Home (2015),https://www.imdb.com/title/tt1528854/,6.2,42.0,96,50000000.0,38740203.0,150357137.0,242786137.0,2015-12-25,PG-13,Comedy Family,USA
924,Westworld (1973),https://www.imdb.com/title/tt0070909/,7.0,77.0,88,1250000.0,,,10000000.0,1973-08-15,PG,Action Sci-Fi Thriller,USA
926,Goosebumps (2015),https://www.imdb.com/title/tt1051904/,6.3,60.0,103,58000000.0,23618556.0,80080379.0,158260952.0,2015-10-16,PG,Adventure Comedy Family,USA
928,The Rescuers (1977),https://www.imdb.com/title/tt0076618/,6.9,74.0,78,7500000.0,2111582.0,71215869.0,71215869.0,1977-06-22,G,Animation Adventure Comedy,USA
930,Shaft (2000),https://www.imdb.com/title/tt0162650/,5.9,50.0,99,46000000.0,21714757.0,70334258.0,107626125.0,2000-06-16,R,Action Crime Thriller,Germany
932,Shaft (1971),https://www.imdb.com/title/tt0067741/,6.6,66.0,100,500000.0,,,12000000.0,1971-07-02,R,Action Crime Thriller,USA
934,Skyline (2010),https://www.imdb.com/title/tt1564585/,4.4,26.0,92,10000000.0,11692415.0,21393620.0,66984887.0,2010-11-12,PG-13,Action Sci-Fi Thriller,USA
936,Rio Bravo (1959),https://www.imdb.com/title/tt0053221/,8.0,93.0,141,1214899.0,,12535000.0,12535000.0,2059-04-04,PG,Action Drama Western,USA
938,Saturday Night Fever (1977),https://www.imdb.com/title/tt0076666/,6.8,77.0,118,3000000.0,3878099.0,94213184.0,237113184.0,1977-12-16,R,Drama Music,USA
940,Creepshow (1982),https://www.imdb.com/title/tt0083767/,6.9,59.0,120,8000000.0,5870889.0,21028755.0,21028755.0,1982-11-12,R,Comedy Fantasy Horror,USA
942,Escape Plan (2013),https://www.imdb.com/title/tt1211956/,6.7,49.0,115,50000000.0,9885732.0,25135965.0,137328301.0,2013-10-18,R,Action Thriller,USA
944,Bad Moms (2016),https://www.imdb.com/title/tt4651520/,6.2,60.0,100,20000000.0,23817340.0,113257297.0,183936074.0,2016-07-29,R,Comedy,USA
946,Get Shorty (1995),https://www.imdb.com/title/tt0113161/,6.9,82.0,105,30250000.0,12700007.0,72101622.0,115101622.0,1995-10-20,R,Comedy Crime Thriller,USA
948,Grumpy Old Men (1993),https://www.imdb.com/title/tt0107050/,7.0,53.0,103,35100000.0,3874911.0,70172621.0,70172621.0,1993-12-25,PG-13,Comedy Drama Romance,USA
950,Iron Sky (2012),https://www.imdb.com/title/tt1034314/,5.9,,93,10000000.0,,122082.0,10109659.0,2012-04-04,R,Action Adventure Comedy,Finland
952,Super Troopers (2001),https://www.imdb.com/title/tt0247745/,7.1,48.0,100,3000000.0,6203906.0,18492362.0,23182223.0,2002-02-15,R,Comedy Crime Mystery,USA
954,Beethoven (1992),https://www.imdb.com/title/tt0103786/,5.7,,87,18000000.0,7587565.0,57114049.0,147214049.0,1992-04-03,PG,Comedy Drama Family,USA
956,Malevolence (2004),https://www.imdb.com/title/tt0388230/,5.1,43.0,85,200000.0,13445.0,127287.0,258782.0,2004-09-10,R,Crime Horror Mystery,USA
958,Brighton Beach Memoirs (1986),https://www.imdb.com/title/tt0090774/,6.8,54.0,108,18000000.0,2580750.0,11957943.0,11957943.0,1986-12-25,PG-13,Comedy,USA
960,Mighty Morphin Power Rangers: The Movie (1995),https://www.imdb.com/title/tt0113820/,5.2,40.0,95,20000000.0,13104788.0,38187431.0,66433194.0,1995-06-30,PG,Action Adventure Family,USA
962,Daddy Day Care (2003),https://www.imdb.com/title/tt0317303/,5.6,39.0,92,60000000.0,27623580.0,104297061.0,164433867.0,2003-05-09,PG,Comedy Family,USA
964,The Return of the Living Dead (1985),https://www.imdb.com/title/tt0089907/,7.3,66.0,91,4000000.0,4403169.0,14237880.0,14237880.0,1985-08-16,R,Comedy Horror Sci-Fi,USA
966,Chinatown (1974),https://www.imdb.com/title/tt0071315/,8.1,92.0,130,6000000.0,,29200000.0,29225935.0,1974-06-20,R,Drama Mystery Thriller,USA
968,The Smurfs (2011),https://www.imdb.com/title/tt0472181/,5.4,30.0,103,110000000.0,35611637.0,142614158.0,563749323.0,2011-07-29,PG,Animation Adventure Comedy,USA
970,The Thin Man (1934),https://www.imdb.com/title/tt0025878/,8.0,,91,226408.0,,,1423000.0,2034-05-25,PG,Comedy Crime Mystery,USA
972,Another Thin Man (1939),https://www.imdb.com/title/tt0031047/,7.5,,103,1107000.0,,,2223000.0,2039-11-17,PG,Comedy Crime Mystery,USA
974,The Thin Man Goes Home (1944),https://www.imdb.com/title/tt0037365/,7.4,,100,1401000.0,,,2814000.0,2045-11-21,PG,Comedy Crime Mystery,USA
976,Department Q: The Keeper of Lost Causes (2013),https://www.imdb.com/title/tt2438644/,7.2,62.0,96,5700000.0,,,13656380.0,2016-06-17,R,Crime Mystery Thriller,Denmark
978,The Born Losers (1967),https://www.imdb.com/title/tt0061420/,6.0,,113,400000.0,,,36000000.0,2067-07-12,PG,Action Drama Thriller,USA
980,Caddyshack (1980),https://www.imdb.com/title/tt0080487/,7.3,48.0,98,6000000.0,3142689.0,39846344.0,39846344.0,1980-07-25,R,Comedy Sport,USA
982,Baahubali: The Beginning (2015),https://www.imdb.com/title/tt2631186/,8.1,,159,18026148.0,3575000.0,6738000.0,88500000.0,2015-07-09,PG-13,Action Drama,India
984,Homeward Bound: The Incredible Journey (1993),https://www.imdb.com/title/tt0107131/,6.9,,84,10000000.0,60672.0,41833324.0,41833324.0,1993-02-12,G,Adventure Comedy Drama,USA
986,City Slickers (1991),https://www.imdb.com/title/tt0101587/,6.8,70.0,113,27000000.0,13032121.0,124033791.0,179033791.0,1991-06-07,PG-13,Comedy Western,USA
988,Carrie (1976),https://www.imdb.com/title/tt0074285/,7.4,85.0,98,1800000.0,,33800000.0,33800000.0,1976-11-16,R,Horror,USA
990,Planes (2013),https://www.imdb.com/title/tt1691917/,5.7,39.0,91,50000000.0,22232291.0,90288712.0,239258712.0,2013-08-09,PG,Animation Adventure Comedy,USA
992,The Amityville Horror (1979),https://www.imdb.com/title/tt0078767/,6.3,28.0,117,4700000.0,7843467.0,86432000.0,86432000.0,1979-07-27,R,Horror,USA
994,Airport (1970),https://www.imdb.com/title/tt0065377/,6.6,42.0,137,10000000.0,,100489151.0,100489151.0,1970-03-25,G,Action Drama Thriller,USA
996,Fantasia (1940),https://www.imdb.com/title/tt0032455/,7.7,96.0,125,2280000.0,980798.0,76408097.0,76411401.0,2041-07-21,G,Animation Family Fantasy,USA
998,American Graffiti (1973),https://www.imdb.com/title/tt0069704/,7.4,97.0,110,777000.0,,115000000.0,115000000.0,1973-08-11,PG,Comedy Drama,USA
1000,House (1985),https://www.imdb.com/title/tt0091223/,6.2,44.0,93,3000000.0,5923972.0,19444631.0,19444631.0,1986-02-28,R,Comedy Fantasy Horror,USA
1002,Enthiran (2010),https://www.imdb.com/title/tt1305797/,7.1,,155,18000000.0,,,3889511.0,2010-10-01,PG-13,Action Sci-Fi,India
1004,Up in Smoke (1978),https://www.imdb.com/title/tt0078446/,7.0,57.0,86,2000000.0,,44364244.0,44364244.0,1978-09-15,R,Comedy Music,USA
1006,The Rugrats Movie (1998),https://www.imdb.com/title/tt0134067/,5.9,,79,24000000.0,27321470.0,100494675.0,140894675.0,1998-11-20,G,Animation Adventure Comedy,USA
1008,Hatchet (2006),https://www.imdb.com/title/tt0422401/,5.7,57.0,93,1500000.0,100358.0,175281.0,208550.0,2010-04-02,R,Comedy Horror Thriller,USA
1010,Are We There Yet? (2005),https://www.imdb.com/title/tt0368578/,4.7,27.0,95,32000000.0,18575214.0,82674398.0,97918663.0,2005-01-21,PG,Adventure Comedy Family,USA
1012,Ginger Snaps (2000),https://www.imdb.com/title/tt0210070/,6.8,70.0,108,5000000.0,1430.0,2554.0,2554.0,2001-05-11,PG,Drama Fantasy Horror,Canada
1014,Pee-wee's Big Adventure (1985),https://www.imdb.com/title/tt0089791/,7.0,47.0,91,6000000.0,4545847.0,40940662.0,40940662.0,1985-08-09,PG,Adventure Comedy Family,USA
1016,Ninja (2009),https://www.imdb.com/title/tt1182921/,5.5,,86,10000000.0,,,194243.0,2009-10-22,R,Action Thriller,USA
1018,Metropolitan (1990),https://www.imdb.com/title/tt0100142/,7.4,77.0,98,230000.0,46663.0,2960492.0,2960492.0,1990-08-03,PG-13,Comedy Drama Romance,USA
1020,Best of the Best (1989),https://www.imdb.com/title/tt0096913/,6.5,26.0,97,5000000.0,990000.0,1700000.0,1700000.0,1989-11-10,PG-13,Action Drama Sport,USA
1022,Stakeout (1987),https://www.imdb.com/title/tt0094025/,6.6,69.0,117,14500000.0,5170403.0,65673233.0,65673233.0,1987-08-05,R,Action Comedy Crime,USA
1024,The Poseidon Adventure (1972),https://www.imdb.com/title/tt0069113/,7.1,70.0,117,5000000.0,264850.0,84563118.0,84563118.0,1972-12-13,PG,Action Adventure Drama,USA
1026,Survival of the Dead (2009),https://www.imdb.com/title/tt1134854/,4.9,43.0,90,4000000.0,43757.0,101740.0,386078.0,2010-05-06,R,Comedy Drama Horror,USA
1028,Land of the Dead (2005),https://www.imdb.com/title/tt0418819/,6.2,71.0,93,15000000.0,10221705.0,20700082.0,47074133.0,2005-06-24,R,Horror Sci-Fi Thriller,France
1030,Ghost in the Shell (1995),https://www.imdb.com/title/tt0113568/,8.0,76.0,83,10000000.0,2736.0,515905.0,43000000.0,1996-03-29,PG-13,Animation Action Crime,Japan
1032,The Delta Force (1986),https://www.imdb.com/title/tt0090927/,5.6,37.0,125,12000000.0,5959505.0,17768900.0,17768900.0,1986-02-14,R,Action Adventure Drama,USA
1034,"OSS 117: Cairo, Nest of Spies (2006)",https://www.imdb.com/title/tt0464913/,7.1,62.0,99,14000000.0,31418.0,303543.0,37800000.0,2008-05-09,PG-13,Action Adventure Comedy,France
1036,The Ultimate Gift (2006),https://www.imdb.com/title/tt0482629/,7.3,49.0,118,9000000.0,1200000.0,3438735.0,3438735.0,2007-03-09,PG,Drama Family Romance,USA
1038,Night of the Living Dead (1968),https://www.imdb.com/title/tt0063350/,7.9,89.0,96,114000.0,5452.0,236452.0,236452.0,2068-10-04,R,Horror Thriller,USA
1040,Munna Bhai M.B.B.S. (2003),https://www.imdb.com/title/tt0374887/,8.1,,156,1362258.0,48772.0,48772.0,4549945.0,2003-12-19,PG-13,Comedy Drama Musical,India
1042,Trail of the Pink Panther (1982),https://www.imdb.com/title/tt0084814/,5.0,43.0,96,6000000.0,1341695.0,9056073.0,9056073.0,1982-12-17,PG,Comedy Crime Mystery,UK
1044,Children of the Corn (1984),https://www.imdb.com/title/tt0087050/,5.7,45.0,92,800000.0,2042821.0,14568989.0,14568989.0,1984-03-09,R,Horror Thriller,USA
1046,Our Man Flint (1966),https://www.imdb.com/title/tt0059557/,6.5,,108,3525000.0,,,16000000.0,2066-01-16,PG-13,Action Adventure Comedy,USA
1048,I Got the Hook Up (1998),https://www.imdb.com/title/tt0131436/,4.1,,93,3500000.0,3310349.0,10317779.0,10317779.0,1998-05-27,R,Comedy,USA
1050,The Last Picture Show (1971),https://www.imdb.com/title/tt0067328/,8.0,93.0,118,1300000.0,,29133000.0,29146131.0,1971-10-22,R,Drama Romance,USA
1052,Neighbors (2014),https://www.imdb.com/title/tt2004420/,6.3,68.0,97,18000000.0,49033915.0,150157400.0,270665134.0,2014-05-09,R,Comedy,USA
1054,Airport '77 (1977),https://www.imdb.com/title/tt0075648/,5.8,36.0,114,6000000.0,,,30000000.0,1977-03-11,PG,Action Drama Thriller,USA
1056,Wings of Desire (1987),https://www.imdb.com/title/tt0093191/,8.0,79.0,128,3000000.0,17301.0,3333969.0,3404057.0,1988-05-06,PG-13,Drama Fantasy Romance,Germany
1058,Ernest Goes to Camp (1987),https://www.imdb.com/title/tt0092974/,5.5,24.0,92,3000000.0,6171957.0,23509382.0,23509382.0,1987-05-22,PG,Comedy Family,USA
1060,God's Not Dead (2014),https://www.imdb.com/title/tt2528814/,4.7,16.0,113,2000000.0,9217013.0,60755732.0,64676349.0,2014-03-21,PG,Drama,USA
1062,Ek Tha Tiger (2012),https://www.imdb.com/title/tt2016894/,5.5,,132,10200000.0,1139340.0,2347774.0,43600000.0,2012-08-15,R,Action Romance Thriller,India
1064,Funny Girl (1968),https://www.imdb.com/title/tt0062994/,7.4,89.0,151,14100000.0,65560.0,52223306.0,52224263.0,2068-09-19,G,Biography Comedy Drama,USA
1066,Why Did I Get Married? (2007),https://www.imdb.com/title/tt0906108/,5.9,54.0,113,15000000.0,21353789.0,55204525.0,55862886.0,2007-10-12,PG-13,Comedy Drama,USA
1068,Invasion U.S.A. (1985),https://www.imdb.com/title/tt0089348/,5.5,29.0,107,10000000.0,6891609.0,17536256.0,17536256.0,1985-09-27,R,Action Thriller,USA
1070,Pokémon: The First Movie - Mewtwo Strikes Back (1998),https://www.imdb.com/title/tt0190641/,6.3,35.0,96,30000000.0,31036678.0,85744662.0,163644662.0,1999-11-10,G,Animation Action Adventure,Japan
1072,American Ninja (1985),https://www.imdb.com/title/tt0088708/,5.5,20.0,95,1000000.0,3234837.0,10499694.0,10499694.0,1985-08-30,R,Action Adventure Romance,USA
1074,Smoke (1995),https://www.imdb.com/title/tt0114478/,7.4,70.0,112,7000000.0,70744.0,8367636.0,8367636.0,1995-06-09,R,Comedy Drama,Germany
1076,The Haunting in Connecticut (2009),https://www.imdb.com/title/tt0492044/,5.9,33.0,92,10000000.0,23004765.0,55389516.0,77578320.0,2009-03-27,PG-13,Drama Horror Mystery,USA
1078,Ong-Bak: The Thai Warrior (2003),https://www.imdb.com/title/tt0368909/,7.2,69.0,108,1100000.0,1334869.0,4563167.0,20235426.0,2005-02-11,R,Action Crime Thriller,Thailand
