Title,url,IMDB Score,Metacritic,Runtime (mins),Budget,Opening Weekend,Gross USA,Gross World,Release Date,Rating,Genres,Country
Spider-Man 2 (2004),http://www.imdb.com/title/tt0316654/,7.3,83.0,127,200000000.0,88156227.0,373585825.0,788976453.0,2004-06-30,PG-13,Action Adventure Sci-Fi,USA
The Matrix Reloaded (2003),http://www.imdb.com/title/tt0234215/,7.2,62.0,138,150000000.0,91774413.0,281576461.0,741846459.0,2003-05-15,R,Action Sci-Fi,USA
The Lord of the Rings: The Two Towers (2002),http://www.imdb.com/title/tt0167261/,8.7,87.0,179,94000000.0,62007528.0,342551365.0,951208089.0,2002-12-18,PG-13,Adventure Drama Fantasy,New Zealand
The Hobbit: An Unexpected Journey (2012),http://www.imdb.com/title/tt0903624/,7.8,58.0,169,180000000.0,84617303.0,303003568.0,1017003568.0,2012-12-14,PG-13,Adventure Family Fantasy,New Zealand
The Hobbit: The Battle of the Five Armies (2014),http://www.imdb.com/title/tt2310332/,7.4,59.0,144,250000000.0,54724334.0,255119788.0,956019788.0,2014-12-17,PG-13,Adventure Fantasy,New Zealand
Back to the Future Part II (1989),http://www.imdb.com/title/tt0096874/,7.8,57.0,108,40000000.0,27835125.0,119000002.0,338936043.0,1989-11-22,PG,Adventure Comedy Sci-Fi,USA
Lethal Weapon 2 (1989),http://www.imdb.com/title/tt0097733/,7.2,70.0,114,28000000.0,20388800.0,147253986.0,227853986.0,1989-07-07,R,Action Crime Thriller,USA
Lethal Weapon 4 (1998),http://www.imdb.com/title/tt0122151/,6.6,37.0,127,140000000.0,34048124.0,130444603.0,285444603.0,1998-07-10,R,Action Crime Thriller,USA
Die Hard 2 (1990),http://www.imdb.com/title/tt0099423/,7.2,67.0,124,70000000.0,21744661.0,117540947.0,240247433.0,1990-07-03,R,Action Thriller,USA
Live Free or Die Hard (2007),http://www.imdb.com/title/tt0337978/,7.1,69.0,128,110000000.0,33369559.0,134529403.0,388156011.0,2007-06-27,PG-13,Action Thriller,USA
Mad Max 2: The Road Warrior (1981),http://www.imdb.com/title/tt0082694/,7.6,77.0,96,3000000.0,2527864.0,23667907.0,23667907.0,1982-05-21,R,Action Adventure Sci-Fi,Australia
Mad Max: Fury Road (2015),https://www.imdb.com/title/tt1392190/,8.1,90.0,120,150000000.0,45428128.0,154058340.0,375209362.0,2015-05-15,R,Action Adventure Sci-Fi,Australia
Rocky II (1979),http://www.imdb.com/title/tt0079817/,7.3,61.0,119,7000000.0,6390537.0,85182160.0,85182160.0,1979-06-15,PG,Drama Sport,USA
Rocky IV (1985),http://www.imdb.com/title/tt0089927/,6.9,40.0,91,30000000.0,19991537.0,127873716.0,300473716.0,1985-11-27,PG,Drama Sport,USA
Rocky Balboa (2006),http://www.imdb.com/title/tt0479143/,7.1,63.0,102,24000000.0,12158168.0,70270943.0,155929020.0,2006-12-20,PG,Action Drama Sport,USA
Rambo: First Blood Part II (1985),http://www.imdb.com/title/tt0089880/,6.5,47.0,96,44000000.0,20176217.0,150415432.0,300400432.0,1985-05-22,R,Action Adventure Thriller,USA
Rambo (2008),http://www.imdb.com/title/tt0462499/,7.0,46.0,92,50000000.0,18203876.0,42754105.0,113244290.0,2008-01-25,R,Action Thriller War,Germany
Terminator 2: Judgment Day (1991),http://www.imdb.com/title/tt0103064/,8.5,75.0,137,102000000.0,31765506.0,205881154.0,520884847.0,1991-07-03,R,Action Sci-Fi,USA
Terminator Salvation (2009),https://www.imdb.com/title/tt1340138/,6.5,49.0,115,200000000.0,42558390.0,125322469.0,371353001.0,2009-05-21,PG-13,Action Adventure Sci-Fi,USA
Terminator: Dark Fate (2019),https://www.imdb.com/title/tt6450804/,6.3,54.0,128,185000000.0,29033832.0,62253077.0,261119292.0,2019-11-01,R,Action Adventure Sci-Fi,China
RoboCop 2 (1990),http://www.imdb.com/title/tt0100502/,5.8,42.0,117,25000000.0,14145411.0,45681173.0,45681173.0,1990-06-22,R,Action Crime Sci-Fi,USA
X2: X-Men United (2003),http://www.imdb.com/title/tt0290334/,7.4,68.0,134,110000000.0,85558731.0,214949694.0,407711549.0,2003-05-02,PG-13,Action Sci-Fi Thriller,Canada
X: First Class (2011),http://www.imdb.com/title/tt1270798/,7.7,65.0,131,160000000.0,55101604.0,146408305.0,352616690.0,2011-06-03,PG-13,Action Adventure Sci-Fi,USA
X-Men: Apocalypse (2016),https://www.imdb.com/title/tt3385516/,6.9,52.0,144,178000000.0,65769562.0,155442489.0,543934105.0,2016-05-27,PG-13,Action Adventure Sci-Fi,USA
The Wolverine (2013),http://www.imdb.com/title/tt1430132/,6.7,61.0,126,120000000.0,53113752.0,132556852.0,414828246.0,2013-07-26,PG-13,Action Adventure Sci-Fi,USA
2 Fast 2 Furious (2003),http://www.imdb.com/title/tt0322259/,5.9,38.0,107,76000000.0,50472480.0,127154901.0,236350661.0,2003-06-06,PG-13,Action Crime Thriller,USA
Fast & Furious (2009),http://www.imdb.com/title/tt1013752/,6.6,46.0,107,85000000.0,70950500.0,155064265.0,360364265.0,2009-04-03,PG-13,Action Thriller,USA
Furious 6 (2013),http://www.imdb.com/title/tt1905041/,7.1,61.0,130,160000000.0,97375245.0,238679850.0,788679850.0,2013-05-24,PG-13,Action Adventure Thriller,USA
The Fate of the Furious (2017),https://www.imdb.com/title/tt4630562/,6.7,56.0,136,250000000.0,98786705.0,226008385.0,1236005118.0,2017-04-14,PG-13,Action Adventure Crime,China
xXx: State of the Union (2005),http://www.imdb.com/title/tt0329774/,4.4,37.0,101,113000000.0,12712272.0,26873932.0,71022693.0,2005-04-29,PG-13,Action Adventure Crime,USA
The Chronicles of Riddick (2004),http://www.imdb.com/title/tt0296572/,6.7,38.0,119,105000000.0,24289165.0,57761012.0,115900534.0,2004-06-11,R,Action Adventure Sci-Fi,USA
Transporter 2 (2005),http://www.imdb.com/title/tt0388482/,6.3,56.0,87,32000000.0,16540720.0,43095856.0,89083229.0,2005-09-02,PG-13,Action Thriller,France
The Transporter Refueled (2015),https://www.imdb.com/title/tt2938956/,5.2,32.0,96,25000000.0,7355622.0,16029670.0,72629670.0,2015-09-04,PG-13,Action Adventure Thriller,France
Crank: High Voltage (2009),http://www.imdb.com/title/tt1121931/,6.2,41.0,96,20000000.0,6963565.0,13684249.0,34572541.0,2009-04-17,R,Action Thriller,USA
Aliens (1986),http://www.imdb.com/title/tt0090605/,8.3,84.0,137,18500000.0,10052042.0,85160248.0,131335326.0,1986-07-18,R,Action Adventure Sci-Fi,USA
Alien: Resurrection (1997),http://www.imdb.com/title/tt0118583/,6.2,63.0,109,75000000.0,16474092.0,47795658.0,161376069.0,1997-11-26,R,Action Horror Sci-Fi,USA
Aliens vs. Predator: Requiem (2007),http://www.imdb.com/title/tt0758730/,4.7,29.0,94,40000000.0,10059425.0,41797066.0,130290885.0,2007-12-25,R,Action Horror Sci-Fi,USA
Predator 2 (1990),http://www.imdb.com/title/tt0100403/,6.3,46.0,108,35000000.0,8784943.0,30669413.0,57120318.0,1990-11-21,R,Action Horror Sci-Fi,USA
The Predator (2018),https://www.imdb.com/title/tt3829266/,5.4,48.0,107,88000000.0,24632284.0,51024708.0,160542134.0,2018-09-14,R,Action Adventure Sci-Fi,USA
Evil Dead II (1987),http://www.imdb.com/title/tt0092991/,7.8,69.0,84,3600000.0,807260.0,5923044.0,5923044.0,1987-03-13,R,Comedy Horror,USA
Saw II (2005),http://www.imdb.com/title/tt0432348/,6.6,40.0,93,4000000.0,31725652.0,87039965.0,147748505.0,2005-10-28,R,Horror Mystery,USA
Saw IV (2007),http://www.imdb.com/title/tt0890870/,5.9,36.0,93,10000000.0,31756764.0,63300095.0,139352633.0,2007-10-26,R,Horror Mystery Thriller,USA
Saw VI (2009),http://www.imdb.com/title/tt1233227/,6.0,30.0,90,11000000.0,14118444.0,27693292.0,68234154.0,2009-10-23,R,Fantasy Horror Mystery,Canada
Species II (1998),http://www.imdb.com/title/tt0120841/,4.4,19.0,93,35000000.0,7274008.0,19221939.0,19221939.0,1998-04-10,R,Action Horror Sci-Fi,USA
Scream 2 (1997),http://www.imdb.com/title/tt0120082/,6.2,63.0,120,24000000.0,32926342.0,101363301.0,172363301.0,1997-12-12,R,Horror Mystery,USA
Scream 4 (2011),http://www.imdb.com/title/tt1262416/,6.1,52.0,111,40000000.0,18692090.0,38180928.0,97231420.0,2011-04-15,R,Horror Mystery,USA
Final Destination 2 (2003),http://www.imdb.com/title/tt0309593/,6.2,38.0,90,26000000.0,16200000.0,46961214.0,90941129.0,2003-01-31,R,Horror Thriller,USA
The Final Destination (2009),http://www.imdb.com/title/tt1144884/,5.2,30.0,82,40000000.0,27408309.0,66477700.0,186167139.0,2009-08-28,R,Fantasy Horror Thriller,USA
Underworld: Evolution (2006),http://www.imdb.com/title/tt0401855/,6.7,36.0,106,50000000.0,26857181.0,62318875.0,111476513.0,2006-01-20,R,Action Fantasy Thriller,USA
Underworld Awakening (2012),http://www.imdb.com/title/tt1496025/,6.4,39.0,88,70000000.0,25306725.0,62321039.0,160112671.0,2012-01-20,R,Action Fantasy Horror,USA
Transformers: Revenge of the Fallen (2009),http://www.imdb.com/title/tt1055369/,6.0,35.0,149,200000000.0,108966307.0,402111870.0,836303693.0,2009-06-24,PG-13,Action Adventure Sci-Fi,USA
Transformers: Age of Extinction (2014),https://www.imdb.com/title/tt2109248/,5.6,32.0,165,210000000.0,100038390.0,245439076.0,1104054072.0,2014-06-27,PG-13,Action Adventure Sci-Fi,USA
Bumblebee (2018),https://www.imdb.com/title/tt4701182/,6.8,66.0,114,135000000.0,21654047.0,127195589.0,467989645.0,2018-12-21,PG-13,Action Adventure Sci-Fi,China
American Pie 2 (2001),http://www.imdb.com/title/tt0252866/,6.4,43.0,108,30000000.0,45117985.0,145103595.0,287553595.0,2001-08-10,R,Comedy,USA
American Reunion (2012),https://www.imdb.com/title/tt1605630/,6.7,49.0,113,50000000.0,21514080.0,57011521.0,234989584.0,2012-04-08,R,Comedy,USA
Fantastic Four: Rise of the Silver Surfer (2007),http://www.imdb.com/title/tt0486576/,5.6,45.0,92,130000000.0,58051684.0,131921738.0,301913131.0,2007-06-15,PG,Action Adventure Family,USA
The Incredible Hulk (2008),http://www.imdb.com/title/tt0800080/,6.7,61.0,112,150000000.0,55414050.0,134806913.0,264770996.0,2008-06-13,PG-13,Action Adventure Sci-Fi,USA
Superman II (1980),http://www.imdb.com/title/tt0081573/,6.8,83.0,127,54000000.0,14100523.0,108185706.0,108185706.0,1981-06-19,PG,Action Adventure Sci-Fi,USA
Superman IV: The Quest for Peace (1987),http://www.imdb.com/title/tt0094074/,3.7,24.0,90,17000000.0,5683122.0,15681020.0,15681020.0,1987-07-24,PG,Action Adventure Family,UK
Urban Legends: Final Cut (2000),https://www.imdb.com/title/tt0192731/,4.3,16.0,97,14000000.0,8505513.0,21468807.0,38574362.0,2000-09-22,R,Horror Mystery Thriller,USA
Punisher: War Zone (2008),http://www.imdb.com/title/tt0450314/,5.9,30.0,103,35000000.0,4271451.0,8050977.0,10161493.0,2008-12-05,R,Action Crime Drama,USA
Batman Returns (1992),http://www.imdb.com/title/tt0103776/,7.0,68.0,126,80000000.0,45687711.0,162902340.0,266903053.0,1992-06-19,PG-13,Action Crime Fantasy,USA
Batman & Robin (1997),http://www.imdb.com/title/tt0118688/,3.7,28.0,125,125000000.0,42872605.0,107353792.0,238235915.0,1997-06-20,PG-13,Action Sci-Fi,USA
The Dark Knight (2008),http://www.imdb.com/title/tt0468569/,9.0,84.0,152,185000000.0,158411483.0,535234033.0,1005013644.0,2008-07-18,PG-13,Action Crime Drama,USA
Hellboy II: The Golden Army (2008),http://www.imdb.com/title/tt0411477/,7.0,78.0,120,85000000.0,34539115.0,75986503.0,168319243.0,2008-07-11,PG-13,Action Adventure Fantasy,USA
Blade II (2002),http://www.imdb.com/title/tt0187738/,6.7,52.0,117,54000000.0,32528016.0,82348319.0,155010032.0,2002-03-22,R,Action Fantasy Horror,Germany
Elektra (2005),http://www.imdb.com/title/tt0357277/,4.7,34.0,97,43000000.0,12804793.0,24409722.0,56995646.0,2005-01-14,PG-13,Action Adventure Crime,Canada
The Crow: City of Angels (1996),http://www.imdb.com/title/tt0115986/,4.7,,84,13000000.0,9785111.0,17917287.0,17917287.0,1996-08-30,R,Action Crime Fantasy,USA
Men in Black II (2002),http://www.imdb.com/title/tt0120912/,6.2,49.0,88,140000000.0,52148751.0,193735288.0,445135288.0,2002-07-03,PG-13,Action Adventure Comedy,USA
Men in Black: International (2019),https://www.imdb.com/title/tt2283336/,5.6,38.0,114,110000000.0,30035838.0,80001807.0,253890701.0,2019-06-14,PG-13,Action Adventure Comedy,China
Resident Evil: Apocalypse (2004),http://www.imdb.com/title/tt0318627/,6.2,35.0,94,45000000.0,23036273.0,51201453.0,129342769.0,2004-09-10,R,Action Horror Sci-Fi,Germany
Resident Evil: Afterlife (2010),http://www.imdb.com/title/tt1220634/,5.8,37.0,96,60000000.0,26650264.0,60128566.0,300228084.0,2010-09-10,R,Action Adventure Horror,Germany
Resident Evil: Final Chapter (2016),https://www.imdb.com/title/tt2592614/,5.5,49.0,107,40000000.0,13601682.0,26830068.0,312242626.0,2017-01-29,R,Action Horror Sci-Fi,USA
Spy Kids 2: Island of Lost Dreams (2002),http://www.imdb.com/title/tt0287717/,5.1,66.0,100,38000000.0,16711716.0,85846429.0,119723358.0,2002-08-07,PG,Action Adventure Comedy,USA
Spy Kids 4: All the Time in the World (2011),http://www.imdb.com/title/tt1517489/,3.5,37.0,89,27000000.0,11644672.0,38538188.0,85564310.0,2011-08-19,PG,Action Adventure Comedy,USA
I Still Know What You Did Last Summer (1998),http://www.imdb.com/title/tt0130018/,4.7,21.0,100,65000000.0,16520038.0,40002112.0,40002112.0,1998-11-13,R,Horror Mystery,USA
Garfield: A Tail of Two Kitties (2006),http://www.imdb.com/title/tt0455499/,5.0,37.0,82,60000000.0,7288977.0,28426747.0,143325970.0,2006-06-16,PG,Animation Adventure Comedy,UK
Iron Man 2 (2010),http://www.imdb.com/title/tt1228705/,7.0,57.0,124,200000000.0,128122480.0,312433331.0,623933331.0,2010-05-07,PG-13,Action Adventure Sci-Fi,USA
Shrek 2 (2004),http://www.imdb.com/title/tt0298148/,7.2,75.0,93,150000000.0,108037878.0,441226247.0,928760770.0,2004-05-19,PG,Animation Adventure Comedy,USA
Shrek Forever After (2010),http://www.imdb.com/title/tt0892791/,6.3,58.0,93,165000000.0,70838207.0,238736787.0,752600867.0,2010-05-21,PG,Animation Adventure Comedy,USA
The Lost World: Jurassic Park (1997),http://www.imdb.com/title/tt0119567/,6.6,59.0,129,73000000.0,72132785.0,229086679.0,618638999.0,1997-05-23,PG-13,Action Adventure Sci-Fi,USA
Jurassic World (2015),http://www.imdb.com/title/tt0369610/,7.0,59.0,124,150000000.0,208806270.0,652270625.0,1670400637.0,2015-06-12,PG-13,Action Adventure Sci-Fi,USA
Indiana Jones and the Temple of Doom (1984),http://www.imdb.com/title/tt0087469/,7.6,57.0,118,28000000.0,25337110.0,179870271.0,333107271.0,1984-05-23,PG,Action Adventure,USA
Indiana Jones and the Kingdom of the Crystal Skull (2008),http://www.imdb.com/title/tt0367882/,6.1,65.0,122,185000000.0,100137835.0,317101119.0,790653942.0,2008-05-22,PG-13,Action Adventure,USA
Star Wars: Episode II - Attack of the Clones (2002),http://www.imdb.com/title/tt0121765/,6.5,54.0,142,115000000.0,80027814.0,310676740.0,653779970.0,2002-05-16,PG,Action Adventure Fantasy,USA
Star Wars: Episode V - The Empire Strikes Back (1980),http://www.imdb.com/title/tt0080684/,8.7,82.0,124,18000000.0,4910483.0,290271960.0,547952944.0,1980-06-20,PG,Action Adventure Fantasy,USA
Star Wars: Episode VII - The Force Awakens (2015),https://www.imdb.com/title/tt2527336/,7.9,80.0,138,245000000.0,247966675.0,936662225.0,2068223624.0,2015-12-18,PG-13,Action Adventure Sci-Fi,USA
Star Wars: The Rise Of Skywalker (2019),https://www.imdb.com/title/tt2527338/,6.7,53.0,142,275000000.0,177383864.0,515202542.0,1074144248.0,2019-12-20,PG-13,Action Adventure Fantasy,USA
Austin Powers: The Spy Who Shagged Me (1999),http://www.imdb.com/title/tt0145660/,6.6,59.0,95,33000000.0,17981900.0,206040086.0,312016928.0,1999-06-11,PG-13,Action Adventure Comedy,USA
The Twilight Saga: New Moon (2009),http://www.imdb.com/title/tt1259571/,4.7,44.0,130,50000000.0,142839137.0,297816253.0,711020081.0,2009-11-20,PG-13,Adventure Drama Fantasy,USA
The Twilight Saga: Breaking Dawn - Part 2 (2012),http://www.imdb.com/title/tt1673434/,5.5,52.0,115,120000000.0,141067634.0,292324737.0,829746820.0,2012-11-16,PG-13,Adventure Drama Fantasy,USA
Kill Bill: Vol. 2 (2004),http://www.imdb.com/title/tt0378194/,8.0,83.0,137,30000000.0,25600000.0,66208183.0,154116796.0,2004-04-16,R,Action Crime Thriller,USA
The Legend of Zorro (2005),http://www.imdb.com/title/tt0386140/,6.0,47.0,129,75000000.0,16328506.0,46464023.0,142400065.0,2005-10-28,PG,Action Adventure Romance,USA
Ghostbusters II (1989),http://www.imdb.com/title/tt0097428/,6.6,56.0,108,37000000.0,29472894.0,112494738.0,215394738.0,1989-06-16,PG,Action Comedy Fantasy,USA
The Santa Clause 2 (2002),http://www.imdb.com/title/tt0304669/,5.6,48.0,104,65000000.0,29008696.0,139236327.0,172855065.0,2002-11-01,G,Comedy Family Fantasy,USA
Dr. Dolittle 2 (2001),http://www.imdb.com/title/tt0240462/,4.7,49.0,87,70000000.0,25037039.0,112952899.0,176104344.0,2001-06-22,PG,Comedy Family Fantasy,USA
Nutty Professor II: The Klumps (2000),http://www.imdb.com/title/tt0144528/,4.4,38.0,106,84000000.0,42518830.0,123309890.0,166339890.0,2000-07-28,PG-13,Comedy Romance Sci-Fi,USA
Beverly Hills Cop II (1987),http://www.imdb.com/title/tt0092644/,6.5,48.0,100,28000000.0,26348555.0,153665036.0,299965036.0,1987-05-20,R,Action Comedy Crime,USA
Another 48 Hrs. (1990),http://www.imdb.com/title/tt0099044/,5.9,23.0,93,38000000.0,19475559.0,80818974.0,153518974.0,1990-06-08,R,Action Comedy Crime,USA
Father of the Bride Part II (1995),http://www.imdb.com/title/tt0113041/,6.0,49.0,106,30000000.0,11134978.0,76594107.0,76594107.0,1995-12-08,PG,Comedy Family Romance,USA
Speed 2: Cruise Control (1997),http://www.imdb.com/title/tt0120179/,3.9,23.0,121,160000000.0,16158942.0,48608066.0,164508066.0,1997-06-13,PG-13,Action Adventure Crime,USA
Scary Movie 2 (2001),http://www.imdb.com/title/tt0257106/,5.3,29.0,83,45000000.0,20503356.0,71308997.0,141220678.0,2001-07-04,R,Comedy Horror,USA
Scary Movie 4 (2006),http://www.imdb.com/title/tt0362120/,5.1,40.0,83,45000000.0,40222875.0,90710620.0,178262620.0,2006-04-14,PG-13,Comedy Horror,USA
The Ring Two (2005),http://www.imdb.com/title/tt0377109/,5.4,44.0,110,50000000.0,35065237.0,76231249.0,163995949.0,2005-03-18,PG-13,Horror Mystery,USA
Leatherface: Texas Chainsaw Massacre III (1990),http://www.imdb.com/title/tt0099994/,5.1,30.0,81,2000000.0,2692087.0,5765562.0,5765562.0,1990-01-12,R,Horror Thriller,USA
The Texas Chainsaw Massacre: The Beginning (2006),http://www.imdb.com/title/tt0420294/,5.8,30.0,91,16000000.0,19150000.0,39517763.0,51764406.0,2006-10-06,R,Horror Thriller,USA
Meet the Fockers (2004),http://www.imdb.com/title/tt0290002/,6.3,41.0,115,80000000.0,46120980.0,279261160.0,522657936.0,2004-12-22,PG-13,Comedy Romance,USA
Shanghai Knights (2003),http://www.imdb.com/title/tt0300471/,6.2,58.0,114,50000000.0,19603630.0,60476872.0,88323487.0,2003-02-07,PG-13,Action Adventure Comedy,USA
Anacondas: The Hunt for the Blood Orchid (2004),http://www.imdb.com/title/tt0366174/,4.7,40.0,97,20000000.0,12812287.0,32238923.0,70992898.0,2004-08-27,PG-13,Action Adventure Horror,USA
Walking Tall Part II (1975),http://www.imdb.com/title/tt0073880/,6.2,,109,500000.0,,,11000000.0,1975-09-28,PG,Action Biography Crime,USA
Hostel: Part II (2007),http://www.imdb.com/title/tt0498353/,5.5,46.0,94,10200000.0,8203391.0,17609452.0,35728183.0,2007-06-08,R,Horror,USA
Charlie's Angels: Full Throttle (2003),http://www.imdb.com/title/tt0305357/,4.9,48.0,106,120000000.0,37634221.0,100830111.0,259175788.0,2003-06-27,PG-13,Action Adventure Comedy,USA
Bad Boys II (2003),http://www.imdb.com/title/tt0172156/,6.6,38.0,147,130000000.0,46522560.0,138608444.0,273339556.0,2003-07-18,R,Action Comedy Crime,USA
Big Momma's House 2 (2006),http://www.imdb.com/title/tt0421729/,4.7,34.0,99,40000000.0,27736056.0,70165972.0,141522961.0,2006-01-27,PG-13,Comedy Crime,USA
The Grudge 2 (2006),http://www.imdb.com/title/tt0433386/,5.1,33.0,102,20000000.0,20825300.0,39143839.0,70711175.0,2006-10-13,PG-13,Horror Thriller,USA
Van Wilder 2: The Rise of Taj (2006),http://www.imdb.com/title/tt0480271/,4.9,21.0,97,2000000.0,2313372.0,4300645.0,6086508.0,2006-12-01,R,Comedy Romance,USA
Harold & Kumar Escape from Guantanamo Bay (2008),http://www.imdb.com/title/tt0481536/,6.6,57.0,114,12000000.0,14908404.0,38108728.0,43495888.0,2008-04-25,R,Adventure Comedy,USA
Ice Age: The Meltdown (2006),http://www.imdb.com/title/tt0438097/,6.8,58.0,91,80000000.0,68033544.0,195330621.0,667094506.0,2006-03-31,PG,Animation Adventure Comedy,USA
Ice Age: Continental Drift (2012),http://www.imdb.com/title/tt1667889/,6.6,49.0,88,95000000.0,46629259.0,161321843.0,877244782.0,2012-07-13,PG,Animation Adventure Comedy,USA
Madagascar: Escape 2 Africa (2008),http://www.imdb.com/title/tt0479952/,6.6,61.0,89,150000000.0,63106589.0,180010950.0,603900354.0,2008-11-07,PG,Animation Adventure Comedy,USA
Kung Fu Panda 2 (2011),http://www.imdb.com/title/tt1302011/,7.2,67.0,90,150000000.0,47656302.0,165249063.0,665692281.0,2011-05-26,PG,Animation Action Adventure,USA
The Lion King Remake (2019),https://www.imdb.com/title/tt6105098/,6.9,55.0,118,260000000.0,191770759.0,543638043.0,1656943394.0,2019-07-21,G,Animation Adventure Drama,USA
The Princess Diaries 2: Royal Engagement (2004),http://www.imdb.com/title/tt0368933/,5.8,43.0,113,40000000.0,22956453.0,95170481.0,134734481.0,2004-08-11,G,Comedy Family Romance,USA
Bridget Jones: The Edge of Reason (2004),http://www.imdb.com/title/tt0317198/,6.0,44.0,108,40000000.0,8684055.0,40226215.0,265126918.0,2004-11-19,R,Comedy Drama Romance,UK
The Bourne Supremacy (2004),http://www.imdb.com/title/tt0372183/,7.7,73.0,108,75000000.0,52521865.0,176241941.0,290835269.0,2004-07-23,PG-13,Action Mystery Thriller,USA
The Bourne Legacy (2012),http://www.imdb.com/title/tt1194173/,6.7,61.0,135,125000000.0,38142825.0,113203870.0,276144750.0,2012-08-10,PG-13,Action Adventure Thriller,USA
Wrath of the Titans (2012),http://www.imdb.com/title/tt1646987/,5.7,37.0,99,150000000.0,33457188.0,83670083.0,301970083.0,2012-03-30,PG-13,Action Adventure Fantasy,Spain
Halloween II (1981),http://www.imdb.com/title/tt0082495/,6.5,40.0,92,2500000.0,7446508.0,25533818.0,25533818.0,1981-10-30,R,Horror,USA
Halloween 4: The Return of Michael Myers (1988),http://www.imdb.com/title/tt0095271/,5.9,34.0,88,5000000.0,6831250.0,17768757.0,17768757.0,1988-10-21,R,Horror Thriller,USA
Halloween: The Curse of Michael Myers (1995),http://www.imdb.com/title/tt0113253/,4.9,10.0,87,5000000.0,7308529.0,15116634.0,15116634.0,1995-09-29,R,Horror Thriller,USA
Halloween: Resurrection (2002),http://www.imdb.com/title/tt0220506/,4.0,19.0,94,13000000.0,12292121.0,30354442.0,37664855.0,2002-07-12,R,Horror Thriller,USA
Halloween II (2009),http://www.imdb.com/title/tt1311067/,4.9,35.0,105,15000000.0,16349565.0,33392973.0,39421467.0,2009-08-28,R,Horror,USA
Hot Shots! Part Deux (1993),http://www.imdb.com/title/tt0107144/,6.6,,86,25000000.0,10250661.0,38922972.0,133752825.0,1993-05-21,PG-13,Action Comedy,USA
The Naked Gun 2½: The Smell of Fear (1991),http://www.imdb.com/title/tt0102510/,6.9,65.0,85,23000000.0,20817139.0,86930411.0,86930411.0,1991-06-28,PG-13,Comedy Crime,USA
Night at the Museum: Battle of the Smithsonian (2009),http://www.imdb.com/title/tt1078912/,6.0,42.0,105,150000000.0,54173286.0,177243721.0,413106170.0,2009-05-22,PG,Adventure Comedy Family,USA
Hellbound: Hellraiser II (1988),http://www.imdb.com/title/tt0095294/,6.5,41.0,97,3000000.0,3185511.0,12090735.0,12090735.0,1988-12-23,R,Horror Thriller,UK
Hellraiser: Bloodline (1996),http://www.imdb.com/title/tt0116514/,5.2,21.0,85,4000000.0,4505036.0,9336886.0,9336886.0,1996-03-08,R,Horror Sci-Fi,USA
Candyman: Farewell to the Flesh (1995),http://www.imdb.com/title/tt0112625/,5.3,,95,13900000.0,6046825.0,13940383.0,13940383.0,1995-03-17,R,Horror Thriller,USA
Jeepers Creepers 2 (2003),http://www.imdb.com/title/tt0301470/,5.6,36.0,106,17000000.0,15269324.0,35667218.0,63102666.0,2003-08-29,R,Horror,USA
Boogeyman 2 (2007),http://www.imdb.com/title/tt0900357/,5.0,,93,4500000.0,,,1798418.0,2008-01-08,PG-13,Drama Horror Thriller,USA
Damien: Omen II (1978),http://www.imdb.com/title/tt0077394/,6.3,45.0,107,6800000.0,3880880.0,26518355.0,26518355.0,1978-06-09,R,Horror,UK
Step Up 2: The Streets (2008),http://www.imdb.com/title/tt1023481/,6.2,50.0,98,17500000.0,18908826.0,58017783.0,150988382.0,2008-02-14,PG-13,Drama Music Romance,USA
Step Up Revolution (2012),http://www.imdb.com/title/tt1800741/,6.4,43.0,99,33000000.0,11731708.0,35074677.0,140470746.0,2012-07-27,PG-13,Drama Music Romance,USA
The Karate Kid Part II (1986),http://www.imdb.com/title/tt0091326/,6.0,55.0,113,13000000.0,12652336.0,115103979.0,115103979.0,1986-06-20,PG,Action Family Romance,USA
The Next Karate Kid (1994),http://www.imdb.com/title/tt0110657/,4.4,36.0,107,12000000.0,,8914777.0,15876353.0,1994-09-09,PG,Action Drama Family,USA
The Mummy Returns (2001),http://www.imdb.com/title/tt0209163/,6.3,48.0,130,98000000.0,68139035.0,202019785.0,443280904.0,2001-05-04,PG-13,Action Adventure Fantasy,USA
Alvin and the Chipmunks: The Squeakquel (2009),http://www.imdb.com/title/tt1231580/,4.5,41.0,88,75000000.0,48875415.0,219614612.0,443140005.0,2009-12-23,PG,Animation Comedy Family,USA
U.S. Marshals (1998),http://www.imdb.com/title/tt0120873/,6.6,47.0,131,60000000.0,16863988.0,57167405.0,102367405.0,1998-03-06,PG-13,Action Crime Thriller,USA
Analyze That (2002),http://www.imdb.com/title/tt0289848/,5.9,37.0,96,60000000.0,11034422.0,32130627.0,55003135.0,2002-12-06,R,Comedy Crime,USA
The Whole Ten Yards (2004),http://www.imdb.com/title/tt0327247/,5.5,24.0,98,40000000.0,6685381.0,16328471.0,26170671.0,2004-04-09,PG-13,Comedy Crime Thriller,USA
Addams Family Values (1993),http://www.imdb.com/title/tt0106220/,6.7,62.0,94,47000000.0,14117545.0,48919043.0,48919043.0,1993-11-19,PG-13,Comedy Fantasy,USA
Sex and the City 2 (2010),http://www.imdb.com/title/tt1261945/,4.5,27.0,146,100000000.0,31001870.0,95347692.0,290745055.0,2010-05-27,R,Comedy Drama Romance,USA
Wayne's World 2 (1993),http://www.imdb.com/title/tt0108525/,6.2,60.0,95,40000000.0,13516699.0,48197805.0,48198564.0,1993-12-10,PG-13,Comedy Music,USA
French Connection II (1975),http://www.imdb.com/title/tt0073018/,6.8,68.0,119,4340000.0,,12484444.0,12484444.0,1975-05-21,R,Action Crime Drama,USA
Son of the Mask (2005),http://www.imdb.com/title/tt0362165/,2.2,20.0,94,84000000.0,7700000.0,17018422.0,59981548.0,2005-02-18,PG,Comedy Family Fantasy,USA
The Pink Panther 2 (2009),http://www.imdb.com/title/tt0838232/,5.6,36.0,92,70000000.0,11588150.0,35922978.0,76025134.0,2009-02-06,PG,Action Adventure Comedy,USA
Hannibal (2001),http://www.imdb.com/title/tt0212985/,6.8,57.0,131,87000000.0,58003121.0,165092268.0,351692268.0,2001-02-09,R,Crime Drama Thriller,USA
Hannibal Rising (2007),http://www.imdb.com/title/tt0367959/,6.2,35.0,121,50000000.0,13051650.0,27670986.0,82169884.0,2007-02-09,R,Adventure Crime Drama,UK
A Nightmare on Elm Street 2: Freddy's Revenge (1985),http://www.imdb.com/title/tt0089686/,5.5,43.0,87,3000000.0,2865475.0,29999213.0,29999213.0,1985-11-01,R,Horror,USA
A Nightmare on Elm Street 4: The Dream Master (1988),http://www.imdb.com/title/tt0095742/,5.7,56.0,93,13000000.0,12833403.0,49369899.0,49369899.0,1988-08-19,R,Horror,USA
Freddy's Dead: The Final Nightmare (1991),http://www.imdb.com/title/tt0101917/,4.9,39.0,89,11000000.0,12966525.0,34872033.0,34872033.0,1991-09-13,R,Fantasy Horror,USA
A Nightmare on Elm Street (2010),http://www.imdb.com/title/tt1179056/,5.2,35.0,95,35000000.0,32902299.0,63075011.0,115694863.0,2010-04-30,R,Crime Drama Horror,USA
Friday the 13th Part 2 (1981),http://www.imdb.com/title/tt0082418/,6.1,26.0,87,1250000.0,6429784.0,21722776.0,21722776.0,1981-04-30,R,Horror Mystery Thriller,USA
Friday the 13th: The Final Chapter (1984),http://www.imdb.com/title/tt0087298/,6.0,33.0,91,2600000.0,11183148.0,32980880.0,32980880.0,1984-04-13,R,Horror Thriller,USA
Friday the 13th Part VI: Jason Lives (1986),http://www.imdb.com/title/tt0091080/,6.0,30.0,86,3000000.0,6750837.0,19472057.0,19472057.0,1986-08-01,R,Horror Thriller,USA
Friday the 13th Part VIII: Jason Takes Manhattan (1989),http://www.imdb.com/title/tt0097388/,4.6,14.0,100,5000000.0,6251310.0,14343976.0,14343976.0,1989-07-28,R,Adventure Horror Thriller,USA
Friday the 13th (2009),http://www.imdb.com/title/tt0758746/,5.5,34.0,97,19000000.0,40570365.0,65002019.0,91509154.0,2009-02-13,R,Horror Mystery Thriller,USA
Pirates of the Caribbean: Dead Man's Chest (2006),http://www.imdb.com/title/tt0383574/,7.3,53.0,151,225000000.0,135634554.0,423315812.0,1066179725.0,2006-07-07,PG-13,Action Adventure Fantasy,USA
Pirates of the Caribbean: On Stranger Tides (2011),http://www.imdb.com/title/tt1298650/,6.6,45.0,137,250000000.0,90151958.0,241071802.0,1045713802.0,2011-05-20,PG-13,Action Adventure Fantasy,USA
Lara Croft Tomb Raider: The Cradle of Life (2003),http://www.imdb.com/title/tt0325703/,5.5,43.0,117,95000000.0,21783641.0,65660196.0,160099222.0,2003-07-25,PG-13,Action Adventure Fantasy,USA
The Godfather: Part II (1974),http://www.imdb.com/title/tt0071562/,9.0,90.0,202,13000000.0,171417.0,47834595.0,48035783.0,1974-12-18,R,Crime Drama,USA
Ocean's Twelve (2004),http://www.imdb.com/title/tt0349903/,6.5,58.0,125,110000000.0,39153380.0,125544280.0,362744280.0,2004-12-10,PG-13,Crime Thriller,USA
Ocean's 8 (2018),https://www.imdb.com/title/tt5164214/,6.2,61.0,110,70000000.0,41607378.0,140218711.0,297718711.0,2018-06-08,PG-13,Action Comedy Crime,USA
Beneath the Planet of the Apes (1970),http://www.imdb.com/title/tt0065462/,6.1,46.0,95,3000000.0,,18999718.0,18999718.0,1970-05-26,G,Action Adventure Sci-Fi,USA
Conquest of the Planet of the Apes (1972),http://www.imdb.com/title/tt0068408/,6.1,49.0,88,1700000.0,,9043472.0,9043472.0,1972-06-30,PG,Action Sci-Fi,USA
Arthur et la vengeance de Maltazard (2009),http://www.imdb.com/title/tt0940657/,5.3,,107,97500000.0,,,78520547.0,2009-12-02,PG,Animation Adventure Family,France
Cheaper by the Dozen 2 (2005),http://www.imdb.com/title/tt0452598/,5.5,34.0,94,60000000.0,9309387.0,82571173.0,130154568.0,2005-12-21,PG,Adventure Comedy Family,USA
Ace Ventura: When Nature Calls (1995),http://www.imdb.com/title/tt0112281/,6.4,45.0,90,30000000.0,37804076.0,108385533.0,212385533.0,1995-11-10,PG-13,Adventure Comedy Crime,USA
Nanny McPhee Returns (2010),http://www.imdb.com/title/tt1415283/,6.1,52.0,109,35000000.0,8407685.0,29011215.0,93251121.0,2010-08-20,PG,Comedy Family Fantasy,UK
The Expendables 2 (2012),http://www.imdb.com/title/tt1764651/,6.6,51.0,103,100000000.0,28591370.0,85028192.0,314975955.0,2012-08-17,R,Action Adventure Thriller,USA
G.I. Joe: Retaliation (2013),http://www.imdb.com/title/tt1583421/,5.8,41.0,110,130000000.0,40501814.0,122523060.0,375740705.0,2013-03-28,PG-13,Action Adventure Sci-Fi,USA
Universal Soldier: The Return (1999),http://www.imdb.com/title/tt0176269/,4.2,24.0,83,45000000.0,4605167.0,10667893.0,10667893.0,1999-08-20,R,Action Sci-Fi,USA
Universal Soldier: Day of Reckoning (2012),http://www.imdb.com/title/tt1659343/,5.0,58.0,114,10000000.0,3181.0,5460.0,1402307.0,2012-10-25,R,Action Horror Mystery,USA
Dnevnoy dozor (2006),http://www.imdb.com/title/tt0409904/,6.5,59.0,132,4200000.0,46730.0,450897.0,42918532.0,2007-06-15,R,Action Fantasy Horror,Russia
Elizabeth: The Golden Age (2007),http://www.imdb.com/title/tt0414055/,6.8,45.0,114,55000000.0,6153075.0,16383509.0,75782758.0,2007-10-12,PG-13,Biography Drama History,UK
Harry Potter and the Chamber of Secrets (2002),http://www.imdb.com/title/tt0295297/,7.4,63.0,161,100000000.0,88357488.0,262450136.0,879465594.0,2002-11-15,PG,Adventure Family Fantasy,UK
Harry Potter and the Goblet of Fire (2005),http://www.imdb.com/title/tt0330373/,7.7,81.0,157,150000000.0,102685961.0,290417905.0,896346413.0,2005-11-18,PG-13,Adventure Family Fantasy,UK
Harry Potter and the Half-Blood Prince (2009),http://www.imdb.com/title/tt0417741/,7.6,78.0,153,250000000.0,77835727.0,302305431.0,934326396.0,2009-07-15,PG,Action Adventure Family,UK
Harry Potter and the Deathly Hallows: Part 2 (2011),http://www.imdb.com/title/tt1201607/,8.1,85.0,130,125000000.0,169189427.0,381409310.0,1356602810.0,2011-07-15,PG-13,Adventure Drama Fantasy,UK
28 Weeks Later (2007),http://www.imdb.com/title/tt0463854/,7.0,78.0,100,15000000.0,9807292.0,28638916.0,65048678.0,2007-05-11,R,Horror Sci-Fi,UK
Angels & Demons (2009),http://www.imdb.com/title/tt0808151/,6.7,48.0,138,150000000.0,46204168.0,133375846.0,485930816.0,2009-05-15,PG-13,Action Mystery Thriller,USA
The Boondock Saints II: All Saints Day (2009),http://www.imdb.com/title/tt1300851/,6.3,24.0,118,8000000.0,546687.0,10273188.0,10629321.0,2009-12-11,R,Action Crime Thriller,USA
Dirty Dancing: Havana Nights (2004),http://www.imdb.com/title/tt0338096/,6.0,39.0,86,25000000.0,5900000.0,14161590.0,27685016.0,2004-02-27,PG-13,Drama Music Romance,USA
S. Darko (2009),http://www.imdb.com/title/tt1231277/,3.6,,103,4000000.0,,,1079949.0,2009-08-21,R,Drama Mystery Sci-Fi,USA
Ghost Rider: Spirit of Vengeance (2011),http://www.imdb.com/title/tt1071875/,4.3,34.0,96,57000000.0,22115334.0,51774002.0,132563930.0,2012-02-17,PG-13,Action Fantasy Thriller,USA
Exorcist II: The Heretic (1977),http://www.imdb.com/title/tt0076009/,3.8,39.0,117,14000000.0,6735000.0,30749142.0,30749142.0,1977-06-17,R,Horror,USA
Exorcist: The Beginning (2004),http://www.imdb.com/title/tt0204313/,5.2,30.0,114,80000000.0,18054001.0,41821986.0,78110021.0,2004-08-20,R,Horror Mystery Thriller,USA
The Last Exorcism (2010),http://www.imdb.com/title/tt1320244/,5.6,63.0,87,1800000.0,20366613.0,41034350.0,69432527.0,2010-08-27,PG-13,Horror Mystery Thriller,France
The X Files: I Want to Believe (2008),http://www.imdb.com/title/tt0443701/,5.9,47.0,104,30000000.0,10021753.0,20982478.0,69363381.0,2008-07-25,PG-13,Crime Drama Horror,USA
Les rivières pourpres 2 - Les anges de l'apocalypse (2004),http://www.imdb.com/title/tt0337103/,6.0,,97,21000000.0,46376.0,152148.0,40152148.0,2004-02-18,R,Action Crime Horror,France
Les couloirs du temps: Les visiteurs II (1998),http://www.imdb.com/title/tt0120882/,6.2,,118,23000000.0,68316.0,146072.0,66000000.0,1998-03-27,G,Comedy Fantasy,France
Battle Royale II (2003),http://www.imdb.com/title/tt0338763/,4.7,,155,9000000.0,,,14902587.0,2003-07-05,R,Action Drama Sci-Fi,Japan
The Evening Star (1996),http://www.imdb.com/title/tt0116240/,5.9,,129,20000000.0,3306445.0,12767815.0,12767815.0,1996-12-25,PG-13,Comedy Drama Romance,USA
Happy Feet Two (2011),http://www.imdb.com/title/tt1402488/,5.9,50.0,100,135000000.0,21237068.0,64006466.0,159196259.0,2011-11-18,PG,Animation Adventure Comedy,Australia
The Jewel of the Nile (1985),http://www.imdb.com/title/tt0089370/,6.1,53.0,106,25000000.0,6645455.0,75973200.0,96773200.0,1985-12-11,PG,Action Adventure Comedy,USA
Look Who's Talking Too (1990),http://www.imdb.com/title/tt0100050/,4.7,,81,14000000.0,8100640.0,47789074.0,47789074.0,1990-12-14,PG-13,Comedy Family Romance,USA
Legally Blonde 2 (2003),http://www.imdb.com/title/tt0333780/,4.8,47.0,95,45000000.0,22220670.0,90186328.0,124914842.0,2003-07-02,PG-13,Comedy,USA
Scooby-Doo 2: Monsters Unleashed (2004),http://www.imdb.com/title/tt0331632/,5.0,34.0,93,80000000.0,29438331.0,84216833.0,181216833.0,2004-03-26,PG,Adventure Comedy Family,USA
Home Alone 2: Lost in New York (1992),http://www.imdb.com/title/tt0104431/,6.8,,120,28000000.0,31126882.0,173585516.0,365154932.0,1992-11-20,PG,Adventure Comedy Crime,USA
Mesrine Part 2: Public Enemy #1 (2008),http://www.imdb.com/title/tt0411272/,7.5,72.0,133,25000000.0,74449.0,275387.0,321353.0,2008-11-19,R,Action Biography Crime,France
Obitaemyy ostrov. Skhvatka (2009),http://www.imdb.com/title/tt1399952/,5.0,,105,18300000.0,,,6738672.0,2009-04-23,R,Action Adventure Sci-Fi,Russia
Lyubov 2 Morkov (2008),http://www.imdb.com/title/tt1414840/,4.8,,100,3000000.0,,,19171562.0,2008-12-23,R,Comedy Fantasy,Russia
Paragraf 78 - Film vtoroy (2007),http://www.imdb.com/title/tt1097014/,4.8,,90,4000000.0,,,3061624.0,2007-03-23,R,Action Sci-Fi Thriller,Russia
Antikiller 2: Antiterror (2003),http://www.imdb.com/title/tt0405699/,5.1,,89,1000000.0,,,2617287.0,2003-11-27,R,Action Crime,Russia
Short Circuit 2 (1988),http://www.imdb.com/title/tt0096101/,5.8,,110,15000000.0,3843067.0,21630088.0,21630088.0,1988-07-06,PG,Comedy Drama Family,USA
Zweiohrküken (2009),http://www.imdb.com/title/tt1343755/,5.6,,124,5700000.0,,,48039391.0,2009-12-03,R,Comedy Romance,Germany
Pet Sematary II (1992),http://www.imdb.com/title/tt0105128/,4.9,35.0,100,8000000.0,4825100.0,17092453.0,17092453.0,1992-08-28,R,Fantasy Horror,USA
The Four Musketeers: Milady's Revenge (1974),http://www.imdb.com/title/tt0073012/,7.0,,108,9000000.0,,19096800.0,19096800.0,1975-02-26,PG,Adventure History,Spain
Tengo ganas de ti (2012),http://www.imdb.com/title/tt1797504/,6.9,,120,3000000.0,,,24016152.0,2012-06-22,R,Drama Romance,Spain
The Fly II (1989),http://www.imdb.com/title/tt0097368/,5.1,36.0,105,8000000.0,6751371.0,20021322.0,38903179.0,1989-02-10,R,Drama Horror Sci-Fi,USA
Rush Hour 2 (2001),http://www.imdb.com/title/tt0266915/,6.6,48.0,90,90000000.0,67408222.0,226164286.0,347325802.0,2001-08-03,PG-13,Action Comedy Crime,Hong Kong
Police Academy 2: Their First Assignment (1985),http://www.imdb.com/title/tt0089822/,5.8,39.0,87,7600000.0,10675896.0,55600000.0,114993000.0,1985-03-29,PG-13,Comedy,USA
Police Academy 4: Citizens on Patrol (1987),http://www.imdb.com/title/tt0093756/,5.0,26.0,88,17000000.0,8482487.0,28061343.0,76800000.0,1987-04-03,PG,Comedy Crime,USA
Police Academy 6: City Under Siege (1989),http://www.imdb.com/title/tt0098105/,4.5,16.0,84,15000000.0,4032480.0,11567217.0,33200000.0,1989-03-10,PG,Comedy Crime,USA
Paranormal Activity 2 (2010),http://www.imdb.com/title/tt1536044/,5.6,53.0,91,3000000.0,40678424.0,84752907.0,177512032.0,2010-10-22,R,Horror,USA
Paranormal Activity 4 (2012),http://www.imdb.com/title/tt2109184/,4.6,40.0,88,5000000.0,29003866.0,53885000.0,142802657.0,2012-10-19,R,Horror Mystery Thriller,USA
Magnum Force (1973),http://www.imdb.com/title/tt0070355/,7.2,58.0,124,6000000.0,,39768000.0,39768000.0,1973-12-25,R,Action Crime Mystery,USA
Sudden Impact (1983),http://www.imdb.com/title/tt0074483/,6.7,52.0,117,22000000.0,9688561.0,67642693.0,67642693.0,1983-12-09,R,Action Crime Thriller,USA
Under Siege 2: Dark Territory (1995),http://www.imdb.com/title/tt0114781/,5.5,52.0,100,60000000.0,12624402.0,50024083.0,104324083.0,1995-07-14,R,Action Thriller,USA
Atlas Shrugged II: The Strike (2012),http://www.imdb.com/title/tt1985017/,5.4,26.0,111,10000000.0,1751572.0,3336053.0,3336053.0,2012-10-12,PG-13,Drama Mystery Sci-Fi,USA
National Treasure: Book of Secrets (2007),http://www.imdb.com/title/tt0465234/,6.5,48.0,124,130000000.0,44783772.0,219964115.0,459242249.0,2007-12-21,PG,Action Adventure Family,USA
The Hangover Part II (2011),http://www.imdb.com/title/tt1411697/,6.4,44.0,102,80000000.0,85946294.0,254464305.0,586764305.0,2011-05-26,R,Comedy,USA
Deuce Bigalow: European Gigolo (2005),http://www.imdb.com/title/tt0367652/,4.7,23.0,83,22000000.0,9626287.0,22400154.0,45109561.0,2005-08-12,R,Comedy,USA
Fletch Lives (1989),http://www.imdb.com/title/tt0097366/,6.1,40.0,95,8000000.0,8045760.0,35150960.0,39450960.0,1989-03-17,PG,Comedy Crime Mystery,USA
Cidade dos Homens (2007),http://www.imdb.com/title/tt0870090/,7.2,63.0,106,3300000.0,130579.0,325131.0,2589732.0,2007-08-31,R,Crime Drama,Brazil
Elite Squad 2: The Enemy Within (2010),http://www.imdb.com/title/tt1555149/,8.0,71.0,115,3040000.0,8648.0,100119.0,63618850.0,2010-10-08,R,Action Crime Drama,Brazil
Kick-Ass 2 (2013),http://www.imdb.com/title/tt1650554/,6.5,41.0,103,28000000.0,13332955.0,28795985.0,60795985.0,2013-08-16,R,Action Comedy Crime,UK
RED 2 (2013),http://www.imdb.com/title/tt1821694/,6.6,47.0,116,84000000.0,18048422.0,53262560.0,148075565.0,2013-07-19,PG-13,Action Adventure Comedy,USA
Ripley's Game (2002),https://www.imdb.com/title/tt0265651/,6.6,,110,30000000.0,,,6200970.0,2003-02-07,R,Crime Drama Mystery,UK
Escape from L.A. (1996),http://www.imdb.com/title/tt0116225/,5.8,54.0,101,50000000.0,8912557.0,25477365.0,25477365.0,1996-08-09,R,Action Adventure Sci-Fi,USA
Lawnmower Man 2: Beyond Cyberspace (1996),http://www.imdb.com/title/tt0116839/,2.5,29.0,93,15000000.0,1428658.0,2409225.0,2409225.0,1996-01-12,PG-13,Action Sci-Fi Thriller,USA
"Honey, I Blew Up the Kid (1992)",http://www.imdb.com/title/tt0104437/,4.8,50.0,89,40000000.0,11083318.0,58662452.0,58662452.0,1992-07-17,PG,Adventure Comedy Family,USA
Psycho II (1983),http://www.imdb.com/title/tt0086154/,6.5,54.0,113,5000000.0,8310244.0,34725000.0,34725000.0,1983-06-03,R,Crime Horror Mystery,USA
White Noise 2: The Light (2007),http://www.imdb.com/title/tt0496436/,5.7,,99,10000000.0,,,8526917.0,2007-01-05,PG-13,Drama Fantasy Horror,USA
Cocoon: The Return (1988),http://www.imdb.com/title/tt0094890/,5.5,45.0,116,17500000.0,5568143.0,18924919.0,25024919.0,1988-11-23,PG,Adventure Comedy Mystery,USA
Magic Mike XXL (2015),http://www.imdb.com/title/tt2268016/,5.6,60.0,115,14800000.0,12857184.0,66013057.0,117813057.0,2015-07-01,R,Comedy Drama Music,USA
The Sisterhood of the Traveling Pants 2 (2008),http://www.imdb.com/title/tt1018785/,6.2,63.0,119,27000000.0,10678430.0,44089964.0,44352417.0,2008-08-06,PG-13,Comedy Drama Romance,USA
Bad Santa 2 (2016),http://www.imdb.com/title/tt1798603/,5.6,38.0,92,26000000.0,6176680.0,17782178.0,24079268.0,2016-11-23,R,Comedy Crime Drama,USA
District 13: Ultimatum (2009),http://www.imdb.com/title/tt1247640/,6.5,64.0,101,14400000.0,11870.0,36136.0,14103752.0,2009-02-18,R,Action Crime Thriller,France
Taxi 2 (2000),https://www.imdb.com/title/tt0183869/,6.5,,88,10400000.0,,626164.0,60726164.0,2000-10-06,PG-13,Action Comedy Crime,France
Taxi 4 (2007),http://www.imdb.com/title/tt0804540/,5.6,,91,17500000.0,,,65125001.0,2007-02-14,PG-13,Action Comedy Crime,France
Miss Congeniality 2: Armed & Fabulous (2005),http://www.imdb.com/title/tt0385307/,5.1,34.0,115,45000000.0,14043215.0,48478006.0,101393569.0,2005-03-24,PG-13,Action Comedy Crime,USA
Sherlock Holmes: A Game of Shadows (2011),http://www.imdb.com/title/tt1515091/,7.5,48.0,129,125000000.0,39637079.0,186848418.0,543848418.0,2011-12-16,PG-13,Action Adventure Mystery,USA
Star Trek II: The Wrath of Khan (1982),http://www.imdb.com/title/tt0084726/,7.7,67.0,113,11200000.0,14347221.0,78912963.0,78912963.0,1982-06-04,PG,Action Adventure Sci-Fi,USA
Star Trek IV: The Voyage Home (1986),http://www.imdb.com/title/tt0092007/,7.3,71.0,119,25000000.0,16881888.0,109713132.0,109713132.0,1986-11-26,PG,Adventure Comedy Sci-Fi,USA
Star Trek VI: The Undiscovered Country (1991),http://www.imdb.com/title/tt0102975/,7.2,65.0,110,30000000.0,18162837.0,74888996.0,96888996.0,1991-12-06,PG,Action Adventure Sci-Fi,USA
Star Trek: First Contact (1996),http://www.imdb.com/title/tt0117731/,7.6,71.0,111,45000000.0,30716131.0,92027888.0,146027888.0,1996-11-22,PG-13,Action Adventure Drama,USA
Star Trek: Nemesis (2002),http://www.imdb.com/title/tt0253754/,6.4,51.0,116,60000000.0,18513305.0,43254409.0,67336470.0,2002-12-13,PG-13,Action Adventure Sci-Fi,USA
Basic Instinct 2 (2006),http://www.imdb.com/title/tt0430912/,4.3,26.0,114,70000000.0,3201420.0,5971336.0,38629478.0,2006-03-31,R,Drama Mystery Thriller,UK
The Amazing Spider-Man 2 (2014),http://www.imdb.com/title/tt1872181/,6.6,53.0,142,200000000.0,91608337.0,202853933.0,708982323.0,2014-05-02,PG-13,Action Adventure Sci-Fi,USA
Machete Kills (2013),http://www.imdb.com/title/tt2002718/,5.6,41.0,107,20000000.0,3837183.0,8008161.0,17496820.0,2013-10-11,R,Action Crime Thriller,USA
22 Jump Street (2014),http://www.imdb.com/title/tt2294449/,7.0,71.0,112,50000000.0,57071445.0,191719337.0,331333876.0,2014-06-13,R,Action Comedy Crime,USA
The Girl Who Played with Fire (2009),http://www.imdb.com/title/tt1216487/,7.2,66.0,129,5400000.0,904998.0,7638241.0,67153225.0,2010-08-27,R,Crime Drama Mystery,Sweden
Insidious: Chapter 2 (2013),http://www.imdb.com/title/tt2226417/,6.6,40.0,106,5000000.0,40272103.0,83586447.0,161919318.0,2013-09-13,PG-13,Horror Mystery Thriller,USA
Insidious: The Last Key (2018),https://www.imdb.com/title/tt5726086/,5.7,49.0,103,10000000.0,29581355.0,67745330.0,167885588.0,2018-01-05,PG-13,Horror Mystery Thriller,USA
Insurgent (2015),http://www.imdb.com/title/tt2908446/,6.2,42.0,119,110000000.0,52263680.0,130179072.0,297002527.0,2015-03-20,PG-13,Action Adventure Sci-Fi,USA
Rio 2 (2014),http://www.imdb.com/title/tt2357291/,6.3,49.0,101,103000000.0,39327869.0,131538435.0,498781117.0,2014-04-11,G,Animation Adventure Comedy,USA
The Second Best Exotic Marigold Hotel (2015),http://www.imdb.com/title/tt2555736/,6.6,51.0,122,10000000.0,8540370.0,33078266.0,85978266.0,2015-03-06,PG,Comedy Drama,UK
Nymphomaniac: Vol. II (2013),http://www.imdb.com/title/tt2382009/,6.7,60.0,124,2350000.0,74978.0,327167.0,4934725.0,2014-03-20,R,Drama,Denmark
The Lego Movie 2: The Second Part (2019),http://www.imdb.com/title/tt3513498/,6.6,65.0,107,99000000.0,34115335.0,105806508.0,192306508.0,2019-02-08,PG,Animation Action Adventure,Denmark
The Woman in Black 2: Angel of Death (2014),http://www.imdb.com/title/tt2339741/,4.8,42.0,98,15000000.0,15027415.0,26501323.0,48854305.0,2015-01-02,PG-13,Drama Horror Thriller,UK
The Trip to Italy (2014),http://www.imdb.com/title/tt2967006/,6.6,75.0,108,2000000.0,71712.0,2880537.0,6132875.0,2014-04-25,PG-13,Comedy Drama,UK
The Best Man Holiday (2013),http://www.imdb.com/title/tt2083355/,6.7,59.0,123,17000000.0,30107555.0,70525195.0,72835710.0,2013-11-15,R,Comedy Drama,USA
Agent Cody Banks 2: Destination London (2004),http://www.imdb.com/title/tt0358349/,4.6,32.0,100,26000000.0,8014005.0,23630159.0,28818995.0,2004-03-12,PG,Action Adventure Comedy,USA
102 Dalmatians (2000),http://www.imdb.com/title/tt0211181/,4.9,35.0,100,85000000.0,19883351.0,66957026.0,183611771.0,2000-11-22,G,Adventure Comedy Family,USA
Anchorman 2: The Legend Continues (2013),http://www.imdb.com/title/tt1229340/,6.3,61.0,119,50000000.0,26232425.0,127352707.0,173649931.0,2013-12-18,PG-13,Comedy,USA
Operation Condor (1991),http://www.imdb.com/title/tt0099558/,7.3,,106,15000000.0,4731751.0,10405394.0,10405394.0,1997-07-18,PG-13,Action Adventure Comedy,Hong Kong
Police Story: Lockdown (2013),http://www.imdb.com/title/tt2599716/,6.1,44.0,110,35000000.0,,,94249025.0,2015-06-05,R,Action Adventure Crime,China
Before Sunset (2004),http://www.imdb.com/title/tt0381681/,8.0,90.0,80,2700000.0,219425.0,5820649.0,15936507.0,2004-07-30,R,Drama Romance,USA
Asterix & Obelix: Mission Cleopatra (2002),http://www.imdb.com/title/tt0250223/,6.6,,107,58500000.0,,3115188.0,128027976.0,2005-06-24,PG,Adventure Comedy Family,France
Astérix and Obélix: God Save Britannia (2012),http://www.imdb.com/title/tt1597522/,5.3,,110,61000000.0,,,61319383.0,2012-10-17,PG,Adventure Comedy Family,France
Teenage Mutant Ninja Turtles: Out of the Shadows (2016),http://www.imdb.com/title/tt3949660/,6.0,40.0,112,135000000.0,35316382.0,82051601.0,245623848.0,2016-06-03,PG-13,Action Adventure Comedy,USA
The Equalizer 2 (2018),http://www.imdb.com/title/tt3766354/,6.7,50.0,121,62000000.0,36011640.0,102084362.0,190400157.0,2018-07-20,R,Action Crime Thriller,USA
The Hunger Games: Catching Fire (2013),http://www.imdb.com/title/tt1951264/,7.5,76.0,146,130000000.0,158074286.0,424668047.0,865011746.0,2013-11-22,PG-13,Action Adventure Mystery,USA
The Hunger Games: Mockingjay - Part 2 (2015),http://www.imdb.com/title/tt1951266/,6.5,65.0,137,160000000.0,102665981.0,281723902.0,658344137.0,2015-11-20,PG-13,Action Adventure Sci-Fi,USA
Megiddo (2001),http://www.imdb.com/title/tt0263728/,4.1,35.0,104,22000000.0,1573454.0,6047691.0,6047691.0,2001-09-21,PG-13,Action Adventure Fantasy,USA
Ride Along 2 (2016),http://www.imdb.com/title/tt2869728/,5.9,32.0,102,40000000.0,35243095.0,91221830.0,124605297.0,2016-01-15,PG-13,Action Comedy Crime,USA
Muppets Most Wanted (2014),http://www.imdb.com/title/tt2281587/,6.4,61.0,107,50000000.0,17005126.0,51183113.0,80383113.0,2014-03-21,PG,Adventure Comedy Crime,USA
The Great Muppet Caper (1981),http://www.imdb.com/title/tt0082474/,7.2,70.0,97,14000000.0,2968990.0,31206251.0,31206251.0,1981-06-26,G,Adventure Comedy Crime,UK
Muppets from Space (1999),http://www.imdb.com/title/tt0158811/,6.3,53.0,87,24000000.0,4826049.0,16625807.0,22323612.0,1999-07-14,G,Adventure Comedy Family,USA
A Haunted House 2 (2014),http://www.imdb.com/title/tt2828996/,4.7,17.0,86,4000000.0,8843875.0,17329486.0,25358716.0,2014-04-18,R,Comedy Fantasy,USA
Think Like a Man Too (2014),http://www.imdb.com/title/tt2239832/,5.8,38.0,106,24000000.0,29241911.0,65182182.0,70181428.0,2014-06-20,PG-13,Comedy Romance,USA
Critters 2 (1988),http://www.imdb.com/title/tt0094919/,5.5,48.0,86,4500000.0,1898751.0,3813293.0,3813293.0,1988-04-29,PG-13,Comedy Horror Sci-Fi,USA
Dolphin Tale 2 (2014),http://www.imdb.com/title/tt2978462/,6.4,58.0,107,36000000.0,15873397.0,42024533.0,57824533.0,2014-09-12,PG,Drama Family,USA
Hot Tub Time Machine 2 (2015),http://www.imdb.com/title/tt2637294/,5.1,29.0,93,14000000.0,5963324.0,12314651.0,13081651.0,2015-02-20,R,Comedy Mystery Sci-Fi,USA
Paul Blart: Mall Cop 2 (2015),http://www.imdb.com/title/tt3450650/,4.4,13.0,94,30000000.0,23762435.0,71038190.0,107588225.0,2015-04-17,PG,Action Comedy Crime,USA
Horrible Bosses 2 (2014),http://www.imdb.com/title/tt2170439/,6.3,40.0,108,42000000.0,15457418.0,54445357.0,107645357.0,2014-11-26,R,Comedy Crime,USA
The Descent: Part 2 (2009),http://www.imdb.com/title/tt1073105/,5.8,,94,6200000.0,,,7048886.0,2009-10-14,R,Adventure Horror Thriller,UK
[Rec] 2 (2009),http://www.imdb.com/title/tt1245112/,6.5,52.0,85,5600000.0,8191.0,27766.0,18853164.0,2009-10-02,R,Action Adventure Fantasy,Spain
[REC] 4: Apocalypse (2014),http://www.imdb.com/title/tt1649443/,5.3,53.0,95,4050000.0,708.0,837.0,4915757.0,2014-10-31,R,Action Adventure Fantasy,Spain
Grave Encounters 2 (2012),http://www.imdb.com/title/tt2231554/,5.1,,95,1400000.0,,,1552486.0,2012-10-02,R,Action Adventure Fantasy,Canada
An American Werewolf in Paris (1997),http://www.imdb.com/title/tt0118604/,5.1,31.0,105,25000000.0,7600878.0,26570463.0,26570463.0,1997-12-25,R,Comedy Fantasy Horror,UK
Blues Brothers 2000 (1998),http://www.imdb.com/title/tt0118747/,4.9,,123,28000000.0,6129615.0,14051384.0,14051384.0,1998-02-06,PG-13,Action Comedy Crime,USA
Fright Night Part 2 (1988),http://www.imdb.com/title/tt0097390/,5.9,,104,7500000.0,548231.0,2983784.0,2983784.0,1989-05-19,R,Comedy Horror Thriller,USA
Child's Play 2 (1990),http://www.imdb.com/title/tt0099253/,5.8,37.0,84,13000000.0,10718520.0,28501605.0,35763605.0,1990-11-09,R,Horror Thriller,USA
Bride of Chucky (1998),http://www.imdb.com/title/tt0144120/,5.4,48.0,89,25000000.0,11830855.0,32400658.0,50688658.0,1998-10-16,R,Comedy Horror,USA
Curse of Chucky (2013),http://www.imdb.com/title/tt2230358/,5.6,58.0,97,3000000.0,,,3700000.0,2013-09-24,R,Horror Thriller,USA
Major League II (1994),http://www.imdb.com/title/tt0110442/,5.6,,105,25000000.0,7040777.0,30626182.0,30626182.0,1994-03-30,PG,Comedy Sport,USA
Piranha 3DD (2012),http://www.imdb.com/title/tt1714203/,3.7,24.0,83,5000000.0,182237.0,376512.0,8518634.0,2012-07-14,R,Comedy Horror,USA
The Hills Have Eyes 2 (2007),http://www.imdb.com/title/tt0800069/,5.1,32.0,89,15000000.0,9686362.0,20804166.0,37697773.0,2007-03-23,R,Horror Thriller,USA
The Collection (2012),http://www.imdb.com/title/tt1748227/,6.1,38.0,82,7500000.0,3104269.0,6842058.0,9929706.0,2012-11-30,R,Action Adventure Crime,USA
The Hills Have Eyes Part II (1984),http://www.imdb.com/title/tt0089274/,3.8,25.0,86,700000.0,,,37600000.0,1985-08-02,R,Horror Thriller,USA
Mechanic: Resurrection (2016),http://www.imdb.com/title/tt3522806/,5.7,38.0,98,40000000.0,7456525.0,21218403.0,125729635.0,2016-08-26,R,Action Adventure Thriller,USA
Ted 2 (2015),http://www.imdb.com/title/tt2637276/,6.3,48.0,115,68000000.0,33507870.0,81476385.0,215863606.0,2015-06-26,R,Comedy,USA
Poltergeist II: The Other Side (1986),http://www.imdb.com/title/tt0091778/,5.7,49.0,91,19000000.0,12357190.0,40996665.0,40996665.0,1986-05-23,PG-13,Horror,USA
Clerks II (2006),http://www.imdb.com/title/tt0424345/,7.3,65.0,97,5000000.0,10061132.0,24148068.0,26986174.0,2006-07-21,R,Comedy,USA
The Raid 2 (2014),http://www.imdb.com/title/tt2265171/,8.0,71.0,150,4500000.0,165292.0,2627209.0,6566916.0,2014-04-11,R,Action Crime Thriller,Indonesia
Blair Witch Project 2,https://www.imdb.com/title/tt0229260/,3.9,15.0,90,15000000.0,13223887.0,26437094.0,47737094.0,2000-10-29,R,Adventure Fantasy Horror,USA
Wall Street: Money Never Sleeps (2010),http://www.imdb.com/title/tt1027718/,6.2,59.0,133,70000000.0,19011188.0,52474616.0,134748021.0,2010-09-24,PG-13,Drama,USA
For a Few Dollars More (1965),http://www.imdb.com/title/tt0059578/,8.3,74.0,132,600000.0,,15000000.0,15000000.0,1967-05-10,R,Western,Italy
Young Guns II (1990),http://www.imdb.com/title/tt0100994/,6.5,47.0,104,20000000.0,8017438.0,44143410.0,44143410.0,1990-08-01,PG-13,Action Western,USA
Finding Dory (2016),http://www.imdb.com/title/tt2277860/,7.3,77.0,97,200000000.0,135060273.0,486295561.0,1028570889.0,2016-06-17,PG,Animation Adventure Comedy,USA
Bad Lieutenant: Port of Call New Orleans (2009),http://www.imdb.com/title/tt1095217/,6.6,69.0,122,25000000.0,245398.0,1702112.0,10606422.0,2009-12-11,R,Crime Drama,USA
Taken 2 (2012),http://www.imdb.com/title/tt1397280/,6.3,45.0,92,45000000.0,49514769.0,139854287.0,376141306.0,2012-10-05,PG-13,Action Thriller,France
10 Cloverfield Lane (2016),http://www.imdb.com/title/tt1179933/,7.2,76.0,103,15000000.0,24727437.0,72082998.0,110216998.0,2016-03-11,PG-13,Drama Horror Mystery,USA
London Has Fallen (2016),http://www.imdb.com/title/tt3300542/,5.9,28.0,99,60000000.0,21635601.0,62524260.0,205754447.0,2016-03-04,R,Action Thriller,UK
My Big Fat Greek Wedding 2 (2016),http://www.imdb.com/title/tt3760922/,6.0,37.0,94,18000000.0,17861950.0,59689605.0,90632641.0,2016-03-25,PG-13,Comedy Romance,USA
Batman v Superman: Dawn of Justice (2016),http://www.imdb.com/title/tt2975590/,6.5,44.0,151,250000000.0,166007347.0,330360194.0,873634919.0,2016-03-25,PG-13,Action Adventure Sci-Fi,USA
Avengers: Age of Ultron (2015),http://www.imdb.com/title/tt2395427/,7.3,66.0,141,250000000.0,191271109.0,459005868.0,1402805868.0,2015-05-01,PG-13,Action Adventure Sci-Fi,USA
Avengers: Endgame (2019),http://www.imdb.com/title/tt4154796/,8.4,78.0,181,356000000.0,357115007.0,858373000.0,2797800564.0,2019-04-26,PG-13,Action Adventure Drama,USA
Thor: The Dark World (2013),http://www.imdb.com/title/tt1981115/,6.9,54.0,112,170000000.0,85737841.0,206362140.0,644783140.0,2013-11-08,PG-13,Action Adventure Fantasy,USA
Captain America: The Winter Soldier (2014),http://www.imdb.com/title/tt1843866/,7.7,70.0,136,170000000.0,95023721.0,259766572.0,714421503.0,2014-04-04,PG-13,Action Adventure Sci-Fi,USA
Deadpool 2 (2018),http://www.imdb.com/title/tt5463162/,7.7,66.0,119,110000000.0,125507153.0,324591735.0,785794179.0,2018-05-18,R,Action Adventure Comedy,USA
The Purge: Anarchy (2014),http://www.imdb.com/title/tt2975578/,6.4,50.0,103,9000000.0,29816675.0,71962800.0,111928365.0,2014-07-18,R,Action Horror Sci-Fi,USA
Zoolander 2 (2016),http://www.imdb.com/title/tt1608290/,4.7,34.0,101,50000000.0,13841146.0,28848693.0,56722693.0,2016-02-12,PG-13,Action Adventure Comedy,USA
Alice Through the Looking Glass (2016),http://www.imdb.com/title/tt2567026/,6.2,34.0,113,170000000.0,26858726.0,77041381.0,299457024.0,2016-05-27,PG,Adventure Family Fantasy,USA
Independence Day: Resurgence (2016),http://www.imdb.com/title/tt1628841/,5.2,32.0,120,165000000.0,41039944.0,103144286.0,389681935.0,2016-06-24,PG-13,Action Adventure Sci-Fi,USA
Split (2016),http://www.imdb.com/title/tt4972582/,7.3,62.0,117,9000000.0,40010975.0,138291365.0,278454358.0,2017-01-20,PG-13,Horror Thriller,USA
The Color of Money (1986),http://www.imdb.com/title/tt0090863/,7.0,77.0,119,13800000.0,6357877.0,52293982.0,52293982.0,1986-10-17,R,Drama Sport,USA
T2 Trainspotting (2017),http://www.imdb.com/title/tt2763304/,7.2,67.0,117,18000000.0,170575.0,2402004.0,41681746.0,2017-03-31,R,Drama,UK
Blade Runner 2049 (2017),http://www.imdb.com/title/tt1856101/,8.0,81.0,164,150000000.0,32753122.0,92054159.0,259239658.0,2017-10-06,R,Action Drama Mystery,USA
Guardians of the Galaxy Vol. 2 (2017),http://www.imdb.com/title/tt3896198/,7.6,67.0,136,200000000.0,146510104.0,389813101.0,863756051.0,2017-05-05,PG-13,Action Adventure Comedy,USA
Alien: Covenant (2017),http://www.imdb.com/title/tt2316204/,6.4,65.0,122,97000000.0,36160621.0,74262031.0,240891763.0,2017-05-19,R,Horror Sci-Fi Thriller,USA
Dawn of the Planet of the Apes (2014),http://www.imdb.com/title/tt2103281/,7.6,79.0,130,170000000.0,72611427.0,208545589.0,710644566.0,2014-07-11,PG-13,Action Adventure Drama,USA
Star Trek Into Darkness (2013),http://www.imdb.com/title/tt1408101/,7.7,72.0,132,190000000.0,70165559.0,228778661.0,467365246.0,2013-05-16,PG-13,Action Adventure Sci-Fi,USA
Gremlins 2: The New Batch (1990),http://www.imdb.com/title/tt0099700/,6.4,,106,50000000.0,9702804.0,41482207.0,41482207.0,1990-06-15,PG-13,Comedy Fantasy Horror,USA
Dumb and Dumber To (2014),http://www.imdb.com/title/tt2096672/,5.6,36.0,109,40000000.0,36111775.0,86208010.0,169837010.0,2014-11-14,PG-13,Comedy,USA
Despicable Me 2 (2013),http://www.imdb.com/title/tt1690953/,7.3,62.0,98,76000000.0,83517315.0,368065385.0,970766005.0,2013-07-03,PG,Animation Adventure Comedy,USA
Kingsman: The Golden Circle (2017),http://www.imdb.com/title/tt4649466/,6.7,44.0,141,104000000.0,39023010.0,100234838.0,410902662.0,2017-09-22,R,Action Adventure Comedy,UK
Maze Runner: The Scorch Trials (2015),http://www.imdb.com/title/tt4046784/,6.3,43.0,131,61000000.0,30316510.0,81697192.0,312296056.0,2015-09-18,PG-13,Action Adventure Sci-Fi,USA
Paddington 2 (2017),http://www.imdb.com/title/tt4468740/,7.8,88.0,103,40000000.0,11001961.0,40891591.0,227978523.0,2018-01-12,PG,Adventure Comedy Family,UK
Hotel Transylvania 2 (2015),http://www.imdb.com/title/tt2510894/,6.7,44.0,89,80000000.0,48464322.0,169700110.0,474800000.0,2015-09-25,PG,Animation Comedy Family,USA
Mamma Mia! Here We Go Again (2018),http://www.imdb.com/title/tt6911608/,6.7,60.0,114,75000000.0,34952180.0,120634935.0,395044706.0,2018-07-20,PG-13,Comedy Musical Romance,UK
Incredibles 2 (2018),http://www.imdb.com/title/tt3606756/,7.6,80.0,118,200000000.0,182687905.0,608581744.0,1242805359.0,2018-06-15,PG,Animation Action Adventure,USA
Ralph Breaks the Internet (2018),http://www.imdb.com/title/tt5848272/,7.1,71.0,112,175000000.0,56237634.0,201091711.0,529323962.0,2018-11-21,PG,Animation Adventure Comedy,USA
Johnny English Reborn (2011),http://www.imdb.com/title/tt1634122/,6.3,46.0,101,45000000.0,3833300.0,8305970.0,160078586.0,2011-10-21,PG,Action Adventure Comedy,UK
Cars 2 (2011),http://www.imdb.com/title/tt1216475/,6.1,57.0,106,200000000.0,66135507.0,191452396.0,559852396.0,2011-06-24,G,Animation Adventure Comedy,USA
Happy Death Day 2U (2019),http://www.imdb.com/title/tt8155288/,6.2,57.0,100,9000000.0,9497665.0,28148130.0,64600152.0,2019-02-13,PG-13,Comedy Horror Mystery,USA
Mission: Impossible II (2000),http://www.imdb.com/title/tt0120755/,6.1,59.0,123,125000000.0,57845297.0,215409889.0,546388108.0,2000-05-24,PG-13,Action Adventure Thriller,USA
Mission: Impossible - Ghost Protocol (2011),http://www.imdb.com/title/tt1229238/,7.4,73.0,132,145000000.0,12785204.0,209397903.0,694713380.0,2011-12-21,PG-13,Action Adventure Thriller,USA
Mission: Impossible - Fallout (2018),http://www.imdb.com/title/tt4912910/,7.7,86.0,147,178000000.0,61236534.0,220159104.0,791115104.0,2018-07-27,PG-13,Action Adventure Thriller,USA
The Secret Life of Pets 2 (2019),http://www.imdb.com/title/tt5113040/,6.5,55.0,86,80000000.0,46652680.0,158874395.0,430051293.0,2019-06-07,PG,Animation Adventure Comedy,USA
A Dog's Journey (2019),http://www.imdb.com/title/tt8385474/,7.5,43.0,109,16000000.0,8030085.0,22782371.0,75602573.0,2019-05-17,PG,Adventure Comedy Drama,China
John Wick: Chapter 2 (2017),http://www.imdb.com/title/tt4425200/,7.5,75.0,122,40000000.0,30436123.0,92029184.0,171539887.0,2017-02-10,R,Action Crime Thriller,USA
Spider-Man: Far from Home (2019),http://www.imdb.com/title/tt6320628/,7.5,69.0,129,160000000.0,92579212.0,390532085.0,1131927996.0,2019-07-02,PG-13,Action Adventure Sci-Fi,USA
Desperado (1995),http://www.imdb.com/title/tt0112851/,7.2,55.0,104,7000000.0,7910446.0,25405445.0,25405445.0,1995-08-25,R,Action Crime Thriller,USA
Sin City: A Dame to Kill For (2014),http://www.imdb.com/title/tt0458481/,6.5,46.0,102,65000000.0,6317683.0,13757804.0,39407616.0,2014-08-22,R,Action Crime Thriller,USA
How to Train Your Dragon 2 (2014),http://www.imdb.com/title/tt1646971/,7.8,76.0,102,145000000.0,49451322.0,177002924.0,621537519.0,2014-06-13,PG,Animation Action Adventure,USA
Toy Story 2 (1999),http://www.imdb.com/title/tt0120363/,7.9,88.0,92,90000000.0,300163.0,245852179.0,497374776.0,1999-11-24,G,Animation Adventure Comedy,USA
Toy Story 4 (2019),http://www.imdb.com/title/tt1979376/,7.8,84.0,100,200000000.0,120908065.0,434038008.0,1073394593.0,2019-06-21,G,Animation Adventure Comedy,USA
Annabelle: Creation (2017),http://www.imdb.com/title/tt5140878/,6.5,62.0,109,15000000.0,35006404.0,102092201.0,306515884.0,2017-08-11,R,Horror Mystery Thriller,USA
The Conjuring 2 (2016),http://www.imdb.com/title/tt3065204/,7.3,65.0,134,40000000.0,40406314.0,102470008.0,320392818.0,2016-06-10,R,Horror Mystery Thriller,Canada
The Angry Birds Movie 2 (2019),http://www.imdb.com/title/tt1985949/,6.4,60.0,97,65000000.0,10354073.0,41667116.0,147792047.0,2019-08-14,PG,Animation Adventure Comedy,Finland
It Chapter Two (2019),http://www.imdb.com/title/tt1396484/,6.6,58.0,169,79000000.0,91062152.0,211593228.0,473093228.0,2019-09-06,R,Drama Fantasy Horror,Canada
Zombieland: Double Tap (2019),http://www.imdb.com/title/tt1156398/,6.7,55.0,99,42000000.0,26803104.0,73123082.0,122810399.0,2019-10-18,R,Action Comedy Horror,USA
Doctor Sleep (2019),http://www.imdb.com/title/tt0081505/,7.4,59.0,152,45000000.0,14114124.0,31581712.0,72381712.0,2019-11-08,R,Drama Fantasy Horror,USA
Manderlay (2005),http://www.imdb.com/title/tt0276919/,7.3,46.0,139,14200000.0,15117.0,78378.0,674918.0,2005-06-03,R,Drama,Denmark
From Russia with Love (1963),http://www.imdb.com/title/tt0057076/,7.4,84.0,115,2000000.0,,24796765.0,24808046.0,1964-05-27,PG,Action Adventure Thriller,UK
Thunderball (1965),http://www.imdb.com/title/tt0059800/,7.0,64.0,130,9000000.0,,63595658.0,63595658.0,1965-12-22,PG,Action Adventure Thriller,UK
On Her Majesty's Secret Service (1969),http://www.imdb.com/title/tt0064757/,6.7,61.0,142,7000000.0,,22774493.0,22787885.0,1969-12-19,PG,Action Adventure Thriller,UK
Live and Let Die (1973),http://www.imdb.com/title/tt0070328/,6.8,55.0,121,7000000.0,,35377836.0,35377836.0,1973-06-27,PG,Action Adventure Thriller,UK
The Spy Who Loved Me (1977),http://www.imdb.com/title/tt0076752/,7.1,55.0,125,14000000.0,,46838673.0,46838673.0,1977-08-03,PG,Action Adventure Thriller,UK
For Your Eyes Only (1981),http://www.imdb.com/title/tt0082398/,6.8,54.0,127,28000000.0,6834967.0,54812802.0,54812802.0,1981-06-26,PG,Action Adventure Thriller,UK
Never Say Never Again (1983),http://www.imdb.com/title/tt0086006/,6.2,68.0,134,36000000.0,10958157.0,55432841.0,55432841.0,1983-10-07,PG,Action Adventure Thriller,UK
The Living Daylights (1987),http://www.imdb.com/title/tt0093428/,6.7,60.0,130,40000000.0,11051284.0,51185897.0,51185897.0,1987-07-31,PG,Action Adventure Thriller,UK
GoldenEye (1995),http://www.imdb.com/title/tt0113189/,7.2,65.0,130,60000000.0,26205007.0,106429941.0,352194034.0,1995-11-17,PG-13,Action Adventure Thriller,UK
The World Is Not Enough (1999),http://www.imdb.com/title/tt0143145/,6.4,57.0,128,135000000.0,35519007.0,126943684.0,361832400.0,1999-11-19,PG-13,Action Adventure Thriller,UK
Casino Royale (2006),http://www.imdb.com/title/tt0381061/,8.0,80.0,144,150000000.0,40833156.0,167445960.0,616501619.0,2006-11-17,PG-13,Action Adventure Thriller,UK
Skyfall (2012),http://www.imdb.com/title/tt1074638/,7.7,81.0,143,200000000.0,88364714.0,304360277.0,1108561013.0,2012-11-09,PG-13,Action Adventure Thriller,UK
Madea's Family Reunion (2006),http://www.imdb.com/title/tt0455612/,5.2,45.0,107,6000000.0,30030661.0,63318000.0,63368939.0,2006-02-24,PG-13,Comedy Drama Romance,USA
I Can Do Bad All by Myself (2009),http://www.imdb.com/title/tt1385912/,4.5,55.0,113,13000000.0,23446785.0,51733921.0,51733921.0,2009-09-11,PG-13,Comedy Drama,USA
Madea's Witness Protection (2012),http://www.imdb.com/title/tt2215285/,4.9,42.0,114,20000000.0,25390575.0,65653242.0,66899242.0,2012-06-29,PG-13,Comedy Crime Drama,USA
Tyler Perry's Boo! A Madea Halloween (2016),http://www.imdb.com/title/tt5325452/,4.6,30.0,103,20000000.0,28501448.0,73206343.0,74827344.0,2016-10-21,PG-13,Comedy Drama Horror,USA
Tyler Perry's A Madea Family Funeral (2019),http://www.imdb.com/title/tt7054636/,4.4,39.0,109,20000000.0,27062332.0,73257045.0,74747725.0,2019-03-01,PG-13,Comedy,USA
The Huntsman: Winter's War (2016),https://www.imdb.com/title/tt2381991/,6.1,35.0,114,115000000.0,19445035.0,48390190.0,164989338.0,2016-04-22,PG-13,Action Adventure Drama,USA
Maleficent: Mistress of Evil (2019),https://www.imdb.com/title/tt4777008/,6.6,43.0,119,185000000.0,36948713.0,113929605.0,491730089.0,2019-10-18,PG,Adventure Family Fantasy,USA
Frozen II (2019),https://www.imdb.com/title/tt4520988/,6.9,64.0,103,150000000.0,130263358.0,477373578.0,1450026933.0,2019-11-22,PG,Animation Adventure Comedy,USA
The Chronicles of Narnia: Prince Caspian (2008),https://www.imdb.com/title/tt0499448/,6.5,62.0,150,225000000.0,55034805.0,141621490.0,419665568.0,2008-05-16,PG,Action Adventure Family,USA
Jumanji: The Next Level (2019),https://www.imdb.com/title/tt7975244/,6.7,58.0,123,125000000.0,59251543.0,316831246.0,796575993.0,2019-12-13,PG-13,Action Adventure Comedy,USA
Ant-Man and the Wasp (2018),https://www.imdb.com/title/tt5095030/,7.1,70.0,118,162000000.0,75812205.0,216648740.0,622674139.0,2018-07-06,PG-13,Action Adventure Comedy,USA
Fantastic Beasts: The Crimes of Grindelwald (2018),https://www.imdb.com/title/tt4123430/,6.6,52.0,134,200000000.0,62163104.0,159555901.0,654855901.0,2018-11-16,PG-13,Adventure Family Fantasy,UK
Clear and Present Danger (1994),https://www.imdb.com/title/tt0109444/,6.9,74.0,141,62000000.0,20348017.0,122187717.0,215887717.0,1994-08-03,PG-13,Action Crime Drama,USA
Barbershop 2: Back in Business (2004),https://www.imdb.com/title/tt0337579/,5.7,59.0,106,30000000.0,24241612.0,65111277.0,65991448.0,2004-02-06,PG-13,Comedy Drama,USA
Birds of Prey: And the Fantabulous Emancipation of One Harley Quinn (2020),https://www.imdb.com/title/tt7713068/,6.1,60.0,109,84500000.0,33010017.0,84158461.0,201858461.0,2020-02-07,R,Action Adventure Crime,USA
Chasing Amy (1997),https://www.imdb.com/title/tt0118842/,7.2,71.0,113,250000.0,52446.0,12021272.0,12021272.0,1997-04-18,R,Comedy Drama Romance,USA
Jay and Silent Bob Strike Back (2001),https://www.imdb.com/title/tt0261392/,6.8,51.0,104,22000000.0,11018543.0,30085147.0,33788161.0,2001-08-24,R,Comedy,USA
Creed II (2018),https://www.imdb.com/title/tt6343314/,7.1,66.0,130,50000000.0,35574710.0,115715889.0,214215889.0,2018-11-21,PG-13,Drama Sport,USA
TRON: Legacy (2010),https://www.imdb.com/title/tt1104001/,6.8,49.0,125,170000000.0,44026211.0,172062763.0,400062763.0,2010-12-17,PG,Action Adventure Sci-Fi,USA
Hot Fuzz (2007),https://www.imdb.com/title/tt0425112/,7.8,81.0,121,16000000.0,5837000.0,23637265.0,80743363.0,2007-04-20,R,Action Comedy Mystery,UK
Jackass Number Two (2006),https://www.imdb.com/title/tt0493430/,7.0,66.0,92,11500000.0,29002002.0,72778712.0,84645164.0,2006-09-22,R,Documentary Action Comedy,USA
Pitch Perfect 2 (2015),https://www.imdb.com/title/tt2848292/,6.4,63.0,115,29000000.0,69216890.0,184296230.0,287144079.0,2015-05-15,PG-13,Comedy Music,USA
Next Friday (2000),https://www.imdb.com/title/tt0195945/,6.2,41.0,98,11000000.0,14465156.0,57328603.0,59827328.0,2000-01-12,R,Comedy,USA
Jaws 2 (1978),https://www.imdb.com/title/tt0077766/,5.8,51.0,116,20000000.0,9866023.0,81766007.0,187884007.0,1978-06-16,PG,Adventure Horror Thriller,USA
Jaws: The Revenge (1987),https://www.imdb.com/title/tt0093300/,3.0,15.0,89,23000000.0,7154890.0,20763013.0,51881013.0,1987-07-17,PG-13,Adventure Horror Thriller,USA
The NeverEnding Story II: The Next Chapter (1990),https://www.imdb.com/title/tt0100240/,5.2,,90,36000000.0,4912124.0,17373527.0,17373527.0,1991-02-08,PG,Adventure Drama Family,Germany
Phantasm II (1988),https://www.imdb.com/title/tt0095863/,6.5,42.0,97,3000000.0,3012285.0,7282851.0,7282851.0,1988-07-08,R,Action Fantasy Horror,USA
Stepfather II (1989),https://www.imdb.com/title/tt0098385/,5.7,,93,1500000.0,,1519796.0,1519796.0,1989-11-03,R,Horror Thriller,UK
Diary of a Wimpy Kid: Rodrick Rules (2011),https://www.imdb.com/title/tt1650043/,6.5,51.0,100,21000000.0,23751502.0,52698535.0,72526996.0,2011-03-25,PG,Comedy Family,USA
Diary of a Wimpy Kid: The Long Haul (2017),https://www.imdb.com/title/tt6003368/,4.3,39.0,91,22000000.0,7126084.0,20738724.0,40140972.0,2017-05-19,PG,Comedy Family,USA
D2: The Mighty Ducks (1994),https://www.imdb.com/title/tt0109520/,6.1,,106,10000000.0,10356748.0,45610410.0,45610410.0,1994-03-25,PG,Comedy Drama Family,USA
Teenage Mutant Ninja Turtles II: The Secret of the Ooze (1991),https://www.imdb.com/title/tt0103060/,6.0,45.0,88,25000000.0,20030473.0,78656813.0,78656813.0,1991-03-22,PG,Action Adventure Comedy,USA
Death Wish II (1982),https://www.imdb.com/title/tt0082250/,6.1,11.0,89,2000000.0,,16100000.0,16100000.0,1982-02-19,R,Action Crime Drama,USA
Death Wish 4: The Crackdown (1987),https://www.imdb.com/title/tt0092857/,5.5,46.0,99,5000000.0,2466557.0,6880310.0,6880310.0,1987-11-06,R,Action Crime Drama,USA
Dhoom 2 (2006),https://www.imdb.com/title/tt0441048/,6.5,,152,4800000.0,979001.0,2643586.0,32396427.0,2006-11-24,R,Action Thriller,India
Crocodile Dundee II (1988),https://www.imdb.com/title/tt0092493/,5.6,41.0,108,14000000.0,24462976.0,109306210.0,239606210.0,1988-05-25,PG,Action Adventure Comedy,Australia
Smokey and the Bandit II (1980),https://www.imdb.com/title/tt0081529/,5.3,41.0,100,17000000.0,10883835.0,66132626.0,66132626.0,1980-08-15,PG,Action Comedy,USA
Cannonball Run II (1984),https://www.imdb.com/title/tt0087032/,5.1,13.0,108,20000000.0,8323948.0,28078073.0,28078073.0,1984-06-29,PG,Action Comedy,USA
Goal II: Living the Dream (2007),https://www.imdb.com/title/tt0473360/,5.9,,115,10000000.0,150098.0,225067.0,7864905.0,2008-08-29,PG-13,Adventure Drama Sport,UK
Porky's II: The Next Day (1983),https://www.imdb.com/title/tt0086129/,5.1,38.0,98,6500000.0,7054988.0,33759266.0,33759266.0,1983-06-24,R,Comedy,Canada
Warlock: The Armageddon (1993),https://www.imdb.com/title/tt0108517/,5.4,,98,3000000.0,1747317.0,3902679.0,3902679.0,1993-09-24,R,Action Fantasy Horror,USA
Beastmaster 2: Through the Portal of Time (1991),https://www.imdb.com/title/tt0101412/,4.1,,107,6000000.0,381889.0,869325.0,869325.0,1991-08-30,PG-13,Action Adventure Fantasy,USA
Free Willy 2: The Adventure Home (1995),https://www.imdb.com/title/tt0113114/,5.1,,95,31000000.0,7039608.0,30077111.0,30077111.0,1995-07-19,PG,Adventure Drama Family,France
Paranormal Activity: The Ghost Dimension (2015),https://www.imdb.com/title/tt2473510/,4.6,30.0,88,10000000.0,8070493.0,18300124.0,78903124.0,2015-10-23,R,Horror Mystery Thriller,USA
Honey 2 (2011),https://www.imdb.com/title/tt1657283/,5.3,,110,9000000.0,,,8775693.0,2011-08-01,PG-13,Comedy Drama Music,USA
Witchboard 2 (1993),https://www.imdb.com/title/tt0108577/,5.0,,98,2000000.0,65365.0,168180.0,233545.0,1993-09-10,R,Horror Mystery,USA
Kickboxer: Vengeance (2016),https://www.imdb.com/title/tt3082898/,4.9,37.0,90,10000000.0,,,287779.0,2016-09-01,R,Action Crime Drama,USA
Highlander II: The Quickening (1991),https://www.imdb.com/title/tt0102034/,4.3,31.0,91,30000000.0,5280490.0,15556340.0,15556340.0,1991-11-01,R,Action Adventure Fantasy,UK
Highlander: Endgame (2000),https://www.imdb.com/title/tt0144964/,4.6,21.0,87,25000000.0,5067331.0,12811858.0,15843608.0,2000-09-01,R,Action Adventure Fantasy,UK
Iron Eagle II (1988),https://www.imdb.com/title/tt0095382/,3.8,,105,18000000.0,3530016.0,10497324.0,10497324.0,1988-11-11,PG,Action Drama Romance,Canada
Fifty Shades Darker (2017),https://www.imdb.com/title/tt4465564/,4.6,33.0,118,55000000.0,46607250.0,114581250.0,381545846.0,2017-02-10,R,Drama Romance,USA
Evan Almighty,https://www.imdb.com/title/tt0413099/,5.4,37.0,96,175000000.0,31192615.0,100462298.0,174440720.0,2007-06-22,PG-13,Comedy Drama Fantasy,USA
Problem Child 2,https://www.imdb.com/title/tt0102719/,4.9,,90,15000000.0,5372880.0,25104700.0,32704700.0,1991-07-03,PG-13,Comedy Family,USA
Flintstones 2,https://www.imdb.com/title/tt0158622/,3.6,27.0,90,83000000.0,10518435.0,35268275.0,59468275.0,2000-04-28,PG,Comedy Family,USA
Ip Man 2,https://www.imdb.com/title/tt1386932/,7.5,67.0,108,13000000.0,61057.0,205675.0,15089448.0,2010-04-29,R,Action Biography Drama,Hong Kong
Ip Man 4,https://www.imdb.com/title/tt2076298/,7.1,62.0,107,52000000.0,,3956031.0,175694238.0,2019-12-20,R,Action Biography Drama,Hong Kong
Fist of Fury,https://www.imdb.com/title/tt0068767/,7.4,68.0,107,100000.0,,,100000000.0,1972-09-09,R,Action Drama Romance,Hong Kong
Enter the Dragon,https://www.imdb.com/title/tt0070034/,7.7,83.0,102,850000.0,,,350000000.0,1973-08-19,R,Action Crime Drama,Hong Kong
Flatliners (Remake),https://www.imdb.com/title/tt2039338/,5.2,27.0,109,19000000.0,6574326.0,16883115.0,45158254.0,2017-10-01,PG-13,Drama Horror Sci-Fi,USA
Bhoothnath 2,http://www.imdb.com/title/tt3531852/,6.7,,155,4522000.0,,,7050000.0,2014-04-11,PG-13,Comedy Drama Family,India
Mary Poppins Returns (2018),https://www.imdb.com/title/tt5028340/,6.7,66.0,130,130000000.0,23523121.0,171958438.0,349545966.0,2018-12-19,PG,Comedy Family Fantasy,USA
Airplane II: The Sequel (1982),https://www.imdb.com/title/tt0083530/,6.2,48.0,85,15000000.0,5329208.0,27150534.0,27150534.0,1982-12-10,PG,Comedy Sci-Fi,USA
The Human Centipede II (Full Sequence) (2011),https://www.imdb.com/title/tt1530509/,3.8,17.0,91,1350000.0,49456.0,141877.0,170323.0,2011-10-07,R,Crime Horror,USA
A Very Brady Sequel (1996),https://www.imdb.com/title/tt0118073/,5.7,56.0,90,12000000.0,7052045.0,21440752.0,21440752.0,1996-08-23,PG-13,Comedy,USA
Sister Act 2: Back in the Habit (1993),https://www.imdb.com/title/tt0108147/,5.6,38.0,107,38000000.0,7569219.0,57319029.0,57319029.0,1993-12-10,PG,Comedy Family Music,USA
Along Came a Spider (2001),https://www.imdb.com/title/tt0164334/,6.4,42.0,104,60000000.0,16712407.0,74078174.0,105178561.0,2001-04-06,R,Drama Thriller,USA
Unfriended: Dark Web (2018),https://www.imdb.com/title/tt4761916/,5.9,53.0,92,1000000.0,3653035.0,8866745.0,16024987.0,2018-07-20,R,Horror Mystery Thriller,USA
The Devil's Rejects (2005),https://www.imdb.com/title/tt0395584/,6.8,53.0,107,7000000.0,7067335.0,17044981.0,20901859.0,2005-07-22,R,Horror,USA
Journey 2: The Mysterious Island (2012),https://www.imdb.com/title/tt1397514/,5.8,41.0,94,79000000.0,27335363.0,103860290.0,335260290.0,2012-02-10,PG,Action Adventure Family,USA
Grease 2 (1982),https://www.imdb.com/title/tt0084021/,4.4,52.0,115,13200000.0,4645411.0,15171476.0,15171476.0,1982-06-11,PG,Comedy Drama Musical,USA
Return to Oz (1985),https://www.imdb.com/title/tt0089908/,6.7,42.0,113,25000000.0,2844895.0,11137801.0,11137801.0,1985-06-21,PG,Adventure Family Fantasy,UK
Daddy's Home 2 (2017),https://www.imdb.com/title/tt5657846/,6.0,30.0,100,69000000.0,29651193.0,104029443.0,180613180.0,2017-11-10,PG-13,Comedy,USA
Futureworld (1976),https://www.imdb.com/title/tt0074559/,5.8,46.0,108,2500000.0,,,4200000.0,1976-08-13,PG,Sci-Fi Thriller,USA
Goosebumps 2: Haunted Halloween (2018),https://www.imdb.com/title/tt5664636/,5.6,53.0,90,35000000.0,15802225.0,46700633.0,93320380.0,2018-10-12,PG,Adventure Comedy Family,USA
The Rescuers Down Under (1990),https://www.imdb.com/title/tt0100477/,6.9,70.0,77,30000000.0,3499819.0,27931461.0,27931461.0,1990-11-16,G,Animation Adventure Crime,USA
Shaft (2019),https://www.imdb.com/title/tt4463894/,6.4,40.0,111,35000000.0,8901419.0,21360215.0,21360215.0,2019-06-14,R,Action Comedy Crime,USA
Shaft's Big Score! (1972),https://www.imdb.com/title/tt0069257/,6.0,,104,1978000.0,,,10000000.0,1972-06-08,R,Action Crime Drama,USA
Beyond Skyline (2017),https://www.imdb.com/title/tt1724970/,5.3,46.0,106,14000000.0,,,992181.0,2017-12-15,R,Action Adventure Sci-Fi,USA
Rio Lobo (1970),https://www.imdb.com/title/tt0066301/,6.8,55.0,114,4000000.0,,,4250000.0,1970-12-18,G,Adventure Romance War,USA
Staying Alive (1983),https://www.imdb.com/title/tt0086361/,4.7,23.0,93,22000000.0,12146143.0,64892670.0,64892670.0,1983-07-15,PG,Drama Music Romance,USA
Creepshow 2 (1987),https://www.imdb.com/title/tt0092796/,6.1,39.0,92,3500000.0,3584077.0,14000000.0,14000000.0,1987-05-01,R,Fantasy Horror,USA
Escape Plan 2: Hades (2018),https://www.imdb.com/title/tt6513656/,3.8,,96,45000000.0,,,17592626.0,2018-06-29,R,Action Crime Mystery,China
A Bad Moms Christmas (2017),https://www.imdb.com/title/tt6359956/,5.6,42.0,104,28000000.0,16759161.0,72110659.0,130560428.0,2017-11-01,R,Comedy,USA
Be Cool (2005),https://www.imdb.com/title/tt0377471/,5.6,37.0,118,53000000.0,23450212.0,56046979.0,95763716.0,2005-03-04,PG-13,Comedy Crime Music,USA
Grumpier Old Men (1995),https://www.imdb.com/title/tt0113228/,6.7,46.0,101,25000000.0,7797185.0,71518503.0,71518503.0,1995-12-22,PG-13,Comedy Romance,USA
Iron Sky: The Coming Race (2019),https://www.imdb.com/title/tt3038708/,5.0,,93,21000000.0,,,400900.0,2019-07-19,R,Action Adventure Comedy,Finland
Super Troopers 2 (2018),https://www.imdb.com/title/tt0859635/,6.1,41.0,100,13500000.0,15181624.0,30617396.0,31626386.0,2018-04-20,R,Comedy Crime Mystery,USA
Beethoven's 2nd (1993),https://www.imdb.com/title/tt0106375/,4.9,,89,15000000.0,6017225.0,53443066.0,118243066.0,1993-12-17,PG,Comedy Family Romance,USA
Bereavement (2010),https://www.imdb.com/title/tt1100051/,5.1,,109,3600000.0,20744.0,43712.0,43712.0,2010-07-16,R,Crime Horror Thriller,USA
Biloxi Blues (1988),https://www.imdb.com/title/tt0094746/,6.6,61.0,106,20000000.0,7093325.0,43184798.0,51684798.0,1988-03-25,PG-13,Comedy Drama,USA
Turbo: A Power Rangers Movie (1997),https://www.imdb.com/title/tt0120389/,3.7,35.0,99,8000000.0,3301135.0,8363899.0,9615840.0,1997-03-28,PG,Action Adventure Family,USA
Daddy Day Camp (2007),https://www.imdb.com/title/tt0462244/,3.1,13.0,89,6000000.0,3402678.0,13235267.0,18197398.0,2007-08-08,PG,Comedy Family,USA
Return of the Living Dead II (1988),https://www.imdb.com/title/tt0095990/,5.9,45.0,89,6200000.0,3647254.0,9205924.0,9205924.0,1988-01-15,R,Comedy Horror Sci-Fi,USA
The Two Jakes (1990),https://www.imdb.com/title/tt0100828/,6.2,56.0,137,19000000.0,3729149.0,10005969.0,10005969.0,1990-08-10,R,Crime Drama Mystery,USA
The Smurfs 2 (2013),https://www.imdb.com/title/tt2017020/,5.3,34.0,105,105000000.0,17548389.0,71017784.0,347545360.0,2013-07-31,PG,Animation Adventure Comedy,USA
After the Thin Man (1936),https://www.imdb.com/title/tt0027260/,7.7,,112,683000.0,,,3165000.0,1936-12-25,PG,Comedy Crime Mystery,USA
Shadow of the Thin Man (1941),https://www.imdb.com/title/tt0034172/,7.3,,97,821000.0,,,2301000.0,1941-11-21,PG,Comedy Crime Mystery,USA
Song of the Thin Man (1947),https://www.imdb.com/title/tt0039853/,7.1,,86,1670000.0,,,2305000.0,1947-08-28,PG,Comedy Crime Musical,USA
Department Q: The Absent One (2014),https://www.imdb.com/title/tt3140100/,7.1,61.0,119,5850000.0,,,11536119.0,2016-06-17,R,Crime Mystery Thriller,Denmark
Billy Jack (1971),https://www.imdb.com/title/tt0066832/,6.3,50.0,114,800000.0,,,32500000.0,1971-08-02,GP,Action Drama Western,USA
Caddyshack II (1988),https://www.imdb.com/title/tt0094824/,3.8,7.0,98,20000000.0,4436330.0,11798302.0,11798302.0,1988-07-22,PG,Comedy Sport,USA
Baahubali 2: The Conclusion (2017),https://www.imdb.com/title/tt4849438/,8.2,,167,24500000.0,10430497.0,20186659.0,254158390.0,2017-04-28,PG-13,Action Drama,India
Homeward Bound II: Lost in San Francisco (1996),https://www.imdb.com/title/tt0116552/,6.0,,88,13000000.0,8605649.0,32772492.0,32772492.0,1996-03-08,G,Adventure Comedy Family,USA
City Slickers II: The Legend of Curly's Gold (1994),https://www.imdb.com/title/tt0109439/,5.6,43.0,116,40000000.0,11516375.0,43622150.0,43622150.0,1994-06-10,PG-13,Comedy,USA
The Rage: Carrie 2 (1999),https://www.imdb.com/title/tt0144814/,4.7,42.0,104,21000000.0,7065123.0,17762705.0,17762705.0,1999-03-12,R,Horror Sci-Fi Thriller,USA
Planes: Fire & Rescue (2014),https://www.imdb.com/title/tt2980706/,6.0,48.0,83,50000000.0,17509407.0,59165787.0,146965787.0,2014-07-18,PG,Animation Adventure Comedy,USA
Amityville II: The Possession (1982),https://www.imdb.com/title/tt0083550/,5.5,34.0,104,5000000.0,4104277.0,12534817.0,12534817.0,1982-09-24,R,Horror,Mexico
Airport 1975 (1974),https://www.imdb.com/title/tt0071110/,5.7,50.0,107,3000000.0,,,50000000.0,1974-10-18,PG,Action Drama Thriller,USA
Fantasia 2000 (1999),https://www.imdb.com/title/tt0120910/,7.2,59.0,75,80000000.0,2290525.0,60655420.0,90874570.0,2000-06-16,G,Animation Comedy Family,USA
More American Graffiti (1979),https://www.imdb.com/title/tt0079576/,5.3,44.0,110,3000000.0,,15014674.0,15014674.0,1979-08-03,PG,Comedy Drama War,USA
House II: The Second Story (1987),https://www.imdb.com/title/tt0093220/,5.4,31.0,88,3000000.0,2573934.0,10000000.0,7800000.0,1987-08-28,PG-13,Comedy Fantasy Horror,USA
2.0 (2018),https://www.imdb.com/title/tt5080556/,6.3,,148,77600000.0,2775000.0,4152000.0,109000000.0,2018-11-29,PG-13,Action Sci-Fi,India
Cheech and Chong's Next Movie (1980),https://www.imdb.com/title/tt0080520/,6.1,66.0,99,3200000.0,5262963.0,41675194.0,41675194.0,1980-07-18,R,Comedy Crime Sci-Fi,USA
Rugrats in Paris: The Movie (2000),https://www.imdb.com/title/tt0213203/,6.1,62.0,78,30000000.0,22718184.0,76507756.0,103291131.0,2000-11-17,G,Animation Adventure Comedy,Germany
Hatchet II (2010),https://www.imdb.com/title/tt1270835/,5.5,49.0,85,800000.0,52604.0,52604.0,156190.0,2010-10-01,R,Action Comedy Horror,USA
Are We Done Yet? (2007),https://www.imdb.com/title/tt0422774/,4.2,36.0,92,28000000.0,14262724.0,49662533.0,58388068.0,2007-04-04,PG,Comedy Family Fantasy,Canada
Ginger Snaps 2: Unleashed (2004),https://www.imdb.com/title/tt0353489/,6.4,,94,3500000.0,80372.0,80372.0,943625.0,2004-01-30,R,Horror Thriller,Canada
Big Top Pee-wee (1988),https://www.imdb.com/title/tt0094744/,5.1,42.0,86,20000000.0,4625004.0,15122324.0,15122324.0,1988-07-22,PG,Adventure Comedy Romance,USA
Ninja: Shadow of a Tear (2013),https://www.imdb.com/title/tt2458106/,6.2,,95,2600000.0,,,544853.0,2013-12-27,R,Action Thriller,Thailand
Barcelona (1994),https://www.imdb.com/title/tt0109219/,7.0,74.0,101,3200000.0,102820.0,7266973.0,7266973.0,1994-07-29,PG-13,Comedy Drama Romance,USA
Best of the Best II (1993),https://www.imdb.com/title/tt0106393/,5.6,,101,7000000.0,2840931.0,6608687.0,6608687.0,1993-03-05,R,Action Crime Drama,USA
Another Stakeout (1993),https://www.imdb.com/title/tt0106292/,5.6,,108,30000000.0,5418316.0,20208496.0,20208496.0,1993-07-23,PG-13,Comedy Crime,USA
Beyond the Poseidon Adventure (1979),https://www.imdb.com/title/tt0078856/,4.7,22.0,114,10000000.0,,,2100000.0,1979-05-18,PG,Action Adventure,USA
Dawn of the Dead (1978),https://www.imdb.com/title/tt0077402/,7.9,71.0,127,1500000.0,,,66000000.0,1979-05-24,R,Action Adventure Horror,USA
Land of the Dead (2005),https://www.imdb.com/title/tt0418819/,6.2,71.0,93,15000000.0,10221705.0,20700082.0,47074133.0,2005-06-24,R,Horror Sci-Fi Thriller,USA
Survival of the Dead (2009),https://www.imdb.com/title/tt1134854/,4.9,43.0,90,4000000.0,43757.0,101740.0,386078.0,2010-05-06,R,Comedy Drama Horror,USA
Ghost in the Shell 2: Innocence (2004),https://www.imdb.com/title/tt0347246/,7.5,66.0,100,20000000.0,317722.0,1043896.0,9789651.0,2004-09-24,PG-13,Animation Action Drama,Japan
Delta Force 2: The Colombian Connection (1990),https://www.imdb.com/title/tt0099399/,4.9,,111,16000000.0,1854379.0,6698361.0,6698361.0,1990-08-24,R,Action Adventure Crime,USA
OSS 117: Lost in Rio (2009),https://www.imdb.com/title/tt1167660/,6.9,58.0,101,26800000.0,10243.0,89375.0,21924245.0,2009-04-15,PG-13,Action Adventure Comedy,France
The Ultimate Life (2013),https://www.imdb.com/title/tt1778924/,5.8,19.0,105,3100000.0,659912.0,1327841.0,1327841.0,2013-09-06,PG,Drama Romance,USA
Lage Raho Munna Bhai (2006),https://www.imdb.com/title/tt0456144/,8.1,,144,2723000.0,863073.0,2217562.0,17897527.0,2006-09-01,PG-13,Comedy Drama Romance,India
Curse of the Pink Panther (1983),https://www.imdb.com/title/tt0085384/,4.4,31.0,109,11000000.0,1641182.0,4491986.0,4491986.0,1983-08-12,PG,Comedy Crime Mystery,UK
Children of the Corn II: The Final Sacrifice (1992),https://www.imdb.com/title/tt0106557/,4.3,18.0,92,900000.0,2719750.0,6980986.0,6980986.0,1993-01-29,R,Horror Thriller,USA
In Like Flint (1967),https://www.imdb.com/title/tt0061810/,6.2,,114,3775000.0,,,11000000.0,1967-03-15,PG-13,Action Adventure Comedy,USA
I Got the Hook Up 2 (2019),https://www.imdb.com/title/tt8228884/,3.3,,107,5000000.0,149036.0,252293.0,252293.0,2019-07-12,R,Comedy,USA
Texasville (1990),https://www.imdb.com/title/tt0103069/,6.0,,123,18000000.0,823534.0,2268181.0,2268181.0,1990-09-28,R,Drama,USA
Neighbors 2: Sorority Rising (2016),https://www.imdb.com/title/tt4438848/,5.7,58.0,92,35000000.0,21760405.0,55455765.0,108007109.0,2016-05-20,R,Comedy,USA
The Concorde... Airport '79 (1979),https://www.imdb.com/title/tt0078740/,4.5,39.0,113,14000000.0,,13015688.0,13015688.0,1979-08-17,PG,Action Drama Thriller,USA
"Faraway, So Close! (1993)",https://www.imdb.com/title/tt0107209/,7.3,,144,10500000.0,55019.0,810455.0,810455.0,1993-12-21,PG-13,Drama Fantasy Romance,Germany
Ernest Saves Christmas (1988),https://www.imdb.com/title/tt0095107/,5.7,44.0,95,6000000.0,5710734.0,28202109.0,28202109.0,1988-11-11,PG,Comedy Family Fantasy,USA
God's Not Dead 2 (2016),https://www.imdb.com/title/tt4824308/,4.4,22.0,120,5000000.0,7623662.0,20774575.0,24487848.0,2016-04-01,PG,Drama,USA
Tiger Zinda Hai (2017),https://www.imdb.com/title/tt5956100/,5.9,,161,20470000.0,1787108.0,5560921.0,87320000.0,2017-12-22,R,Action Adventure Thriller,India
Funny Lady (1975),https://www.imdb.com/title/tt0073026/,6.3,,136,8500000.0,,39000000.0,40100000.0,1975-03-15,PG,Biography Comedy Drama,USA
Why Did I Get Married Too? (2010),https://www.imdb.com/title/tt1391137/,4.7,43.0,121,20000000.0,29289537.0,60095852.0,60673972.0,2010-04-02,PG-13,Comedy Drama Romance,USA
Avenging Force (1986),https://www.imdb.com/title/tt0090678/,5.9,,104,4000000.0,1131502.0,4679650.0,4679650.0,1986-09-12,R,Action Drama Thriller,USA
Pokémon the Movie 2000 (1999),https://www.imdb.com/title/tt0210234/,6.1,28.0,84,30000000.0,19575608.0,43758684.0,133949270.0,2000-07-21,G,Animation Action Adventure,Japan
American Ninja 2: The Confrontation (1987),https://www.imdb.com/title/tt0092548/,4.9,39.0,90,350000.0,1039301.0,4000000.0,4000000.0,1987-05-01,R,Action Comedy Drama,USA
Blue in the Face (1995),https://www.imdb.com/title/tt0112541/,6.7,54.0,83,2000000.0,104365.0,1268636.0,1268636.0,1995-10-13,R,Comedy,USA
The Haunting in Connecticut 2: Ghosts of Georgia (2013),https://www.imdb.com/title/tt1457765/,5.3,26.0,101,9000000.0,,,5127434.0,2013-03-14,R,Drama Horror Mystery,USA
Ong Bak 2 (2008),https://www.imdb.com/title/tt0785035/,6.2,47.0,98,8000000.0,26564.0,102458.0,8936663.0,2008-12-04,R,Action,Thailand
